source,location,quantity,definition,condition,value_as_printed,unit,verification,flag
Bieber1996,abstract,2D energy fraction,band-limited magnetic energy (def. 1),Helios,~85%,,ABSTRACT-ONLY x2,
MacBride2010,Sec. 4 para 18,slab energy fraction r,"def. 1, r = Cs/(Cs+C2)","Helios 1, 0.3-1 au, all data",27 +12/-12%,,VERIFIED-FULLTEXT x1,
MacBride2010,Table 3 (fit),slab energy fraction r,def. 1,"Helios 1, all",0.27,,VERIFIED-FULLTEXT x1,
MacBride2010,Table 3 (fit),slab energy fraction r,def. 1,"Helios 1, fast",0.33,,VERIFIED-FULLTEXT x1,
MacBride2010,Table 3 (fit),slab energy fraction r,def. 1,"Helios 1, slow",0.16,,VERIFIED-FULLTEXT x1,
MacBride2010,Table 3 (average),slab energy fraction r,def. 1,"Helios 1, all",0.25 +/- 0.02,,VERIFIED-FULLTEXT x1,
MacBride2010,Table 3 (average),slab energy fraction r,def. 1,"Helios 1, fast",0.30 +/- 0.05,,VERIFIED-FULLTEXT x1,
MacBride2010,Table 3 (average),slab energy fraction r,def. 1,"Helios 1, slow",0.25 +/- 0.04,,VERIFIED-FULLTEXT x1,
Leamon2000,Sec. 3.1,2D:slab energy,def. 1,1 au dissipation range,~50%:50%,,"VERIFIED-FULLTEXT x2 (OCR; v1.0: 1; v1.2 check: 1, copy of the published version)",
FaHe2026,Table 1,r_ratio,"def. 1, r = A_S/(A_S+A_2D)",Wind 1995-2023,0.27,,VERIFIED-FULLTEXT x1,
FaHe2026,Table 1,r_aniso,"def. 1, r = A_S/(A_S+A_2D)",Wind 1995-2023,0.13,,VERIFIED-FULLTEXT x1,
FaHe2026,Table 1,mean r,"def. 1, r = A_S/(A_S+A_2D)",Wind 1995-2023,0.20,,VERIFIED-FULLTEXT x1,
FaHe2026,Table 1,r_ratio yearly range,def. 1,Wind,0.17 (2018) to 0.39 (1999),,VERIFIED-FULLTEXT x1,
FaHe2026,Table 1,r_aniso yearly range,def. 1,Wind,0.00 (1996) to 0.24 (2002),,VERIFIED-FULLTEXT x1,
FaHe2026,Eq. 19,r_ratio(S_N),def. 1,Wind,0.19 * S_N^0.1,,VERIFIED-FULLTEXT x1,
FaHe2026,Eq. 20,r_aniso(S_N),def. 1,Wind,0.07 * S_N^0.2,,VERIFIED-FULLTEXT x1,
Zhao2022,Table 1,C2/Cs,def. 1,"PSP orbit 1, <=0.3 au, q=-5/3",0.47,,VERIFIED-FULLTEXT x1,
Zhao2022,Table 1,C2/Cs,def. 1,"PSP orbit 1, <=0.3 au, q=-3/2",0.75,,VERIFIED-FULLTEXT x1,
Zhao2022,Table 1,C2/Cs,def. 1,"PSP orbit 1, 0.3-0.6 au, q=-5/3",1.70,,VERIFIED-FULLTEXT x1,
Zhao2022,Table 1,C2/Cs,def. 1,"PSP orbit 2, <=0.3 au, q=-5/3",0.11,,VERIFIED-FULLTEXT x1,
Zhao2022,Table 1,C2/Cs,def. 1,"PSP orbit 2, <=0.3 au, q=-3/2",0.20,,VERIFIED-FULLTEXT x1,
Zhao2022,Table 1,C2/Cs,def. 1,"PSP orbit 2, 0.3-0.6 au, q=-5/3",1.63,,VERIFIED-FULLTEXT x1,
Zhao2022,Table 1,C2/Cs,def. 1,"PSP orbit 4, <=0.3 au, q=-5/3",0.28,,VERIFIED-FULLTEXT x1,
Zhao2022,Table 1,C2/Cs,def. 1,"PSP orbit 4, <=0.3 au, q=-3/2",0.47,,VERIFIED-FULLTEXT x1,
Zhao2022,Table 1,C2/Cs,def. 1,"PSP orbit 4, 0.3-0.6 au, q=-5/3",1.56,,VERIFIED-FULLTEXT x1,
Zhao2022,Table 1,C2/Cs,def. 1,"PSP orbit 5, <=0.3 au, q=-5/3",0.43,,VERIFIED-FULLTEXT x1,
Zhao2022,Table 1,C2/Cs,def. 1,"PSP orbit 5, <=0.3 au, q=-3/2",0.72,,VERIFIED-FULLTEXT x1,
Zhao2022,Table 1,C2/Cs,def. 1,"PSP orbit 5, 0.3-0.6 au, q=-5/3",1.63,,VERIFIED-FULLTEXT x1,
Zhao2022,Table 1,C2/Cs,def. 1,"PSP orbit 6, <=0.3 au, q=-5/3",0.40,,VERIFIED-FULLTEXT x1,
Zhao2022,Table 1,C2/Cs,def. 1,"PSP orbit 6, <=0.3 au, q=-3/2",0.52,,VERIFIED-FULLTEXT x1,
Zhao2022,Table 1,C2/Cs,def. 1,"PSP orbit 6, 0.3-0.6 au, q=-5/3",1.50,,VERIFIED-FULLTEXT x1,
Zhao2022,Table 1,C2/Cs,def. 1,"PSP orbit 7, <=0.3 au, q=-5/3",0.25,,VERIFIED-FULLTEXT x1,
Zhao2022,Table 1,C2/Cs,def. 1,"PSP orbit 7, <=0.3 au, q=-3/2",0.49,,VERIFIED-FULLTEXT x1,orbit 7 percentage printed as 33%:57%
Zhao2022,Table 1,C2/Cs,def. 1,"PSP orbit 7, 0.3-0.6 au, q=-5/3",0.67,,VERIFIED-FULLTEXT x1,
Cheng2025,Sec. 3,C2/Cs,def. 1,"PSP <0.3 au, coronal-hole wind",0.35 (26%:74%),,VERIFIED-FULLTEXT x1,
Cheng2025,Sec. 3,C2/Cs,def. 1,"PSP <0.3 au, streamer wind",0.83 (45%:55%),,VERIFIED-FULLTEXT x1,
Subashchandar2025,Sec. 3,slab/2D inertial-range power,composite spectral fit,PSP,10-100,,VERIFIED-FULLTEXT x2,slab higher than 2D
Chhiber2017,Eq. 20,slab/2D magnetic variance,def. 2,model,0.25,,VERIFIED-FULLTEXT x1,LHS typeset <b_s^2>/<b_s^2>
Zhao2018,Sec. 1,2D:slab,def. 2 (applied to <b^2>),model on OMNI,80:20 and 60:40,,VERIFIED-FULLTEXT x1,
Oughton2011,Fig. 1 caption (Sec. 3.1),Z^2:W^2,def. 3,0.3 AU boundary,1500:150,km^2 s^-2,VERIFIED-FULLTEXT x1,
Zank2017,Sec. 2.1,2D:slab,def. 3,model,80:20,,VERIFIED-FULLTEXT x1 (v1.0 reading; no accessible copy in the v1.2 check),
Adhikari2017,Table 2,E2D:Eslab,def. 3,1 au boundary,80:20,,VERIFIED-FULLTEXT x1,
Chhiber2022,Sec. 3.2 (from Zank1996),alpha in db^2 ~ r^-alpha,model asymptote,"WKB, no dissipation or mixing",3,,SECONDARY for Zank1996,
Chhiber2022,Sec. 3.2 (from Zank1996),alpha,model asymptote,dissipation without mixing,3.5,,SECONDARY for Zank1996,
Chhiber2022,Sec. 3.2 (from Zank1996),alpha,model asymptote,mixing and dissipation,4,,SECONDARY for Zank1996,
Chhiber2022,"abstract, Sec. 3.2",db/B0,"rms ratio, 2-h boxcar B0",PSP 28-200 Rsun,~ r^(1/4); ~0.8 near 1 AU; ~0.5 at 0.14 AU,,VERIFIED-FULLTEXT x2,
Chhiber2022,Sec. 4,turbulence energy,,200 Rsun to 30 Rsun,~3 nT^2 to ~50 nT^2,nT^2,VERIFIED-FULLTEXT x1,not consistent with db/B0 and B0 under direct reading
Adhikari2020,Sec. 4 Fig. 4d,<b^2> exponent,model,0.17-1 au,"quasi-2D -3.12, slab -2.97, total -3.1 (Conclusions: -3.14, -2.99, -3.1)",,VERIFIED-FULLTEXT x1,
Adhikari2017,Conclusion 4,2D <b^2> exponent,model,1-10 au; 10-75 au,-2.91; -2.30,,VERIFIED-FULLTEXT x1,
Zhao2018,Table 1,<z+^2>,Elsasser,"OMNI 1 au, inward IMF, 2003",1500.31,km^2 s^-2,VERIFIED-FULLTEXT x1,
Zhao2018,Table 1,<z-^2>,Elsasser,"OMNI 1 au, inward IMF, 2003",629.98,km^2 s^-2,VERIFIED-FULLTEXT x1,
Zhao2018,Table 1,E_D,residual energy,"OMNI 1 au, inward IMF, 2003",-387.01,km^2 s^-2,VERIFIED-FULLTEXT x1,
Zhao2018,Table 1,|B|,,"OMNI 1 au, inward IMF, 2003",8.61,nT,VERIFIED-FULLTEXT x1,
Zhao2018,Table 1,<z+^2>,Elsasser,"OMNI 1 au, inward IMF, 2009",363.99,km^2 s^-2,VERIFIED-FULLTEXT x1,
Zhao2018,Table 1,<z-^2>,Elsasser,"OMNI 1 au, inward IMF, 2009",198.01,km^2 s^-2,VERIFIED-FULLTEXT x1,
Zhao2018,Table 1,E_D,residual energy,"OMNI 1 au, inward IMF, 2009",-110.83,km^2 s^-2,VERIFIED-FULLTEXT x1,
Zhao2018,Table 1,|B|,,"OMNI 1 au, inward IMF, 2009",4.71,nT,VERIFIED-FULLTEXT x1,
Zhao2018,Table 1,<z+^2>,Elsasser,"OMNI 1 au, inward IMF, 2015",635.72,km^2 s^-2,VERIFIED-FULLTEXT x1,
Zhao2018,Table 1,<z-^2>,Elsasser,"OMNI 1 au, inward IMF, 2015",326.57,km^2 s^-2,VERIFIED-FULLTEXT x1,
Zhao2018,Table 1,E_D,residual energy,"OMNI 1 au, inward IMF, 2015",-208.52,km^2 s^-2,VERIFIED-FULLTEXT x1,
Zhao2018,Table 1,|B|,,"OMNI 1 au, inward IMF, 2015",7.65,nT,VERIFIED-FULLTEXT x1,
Smith2001,Sec. 3.1 (Omnitape; text on Fig. 2 bottom panel),Z^2,<v^2+b^2>,Omnitape 1 au,"200 to 400 (""are most typical"")",km^2 s^-2,VERIFIED-FULLTEXT x1 (OCR),relation symbol before 200 not legible in the scan; Z^2 = <v^2+b^2> defined in Sec. 2
Subashchandar2025,Sec. 3,dB/B0,,PSP,0.2-0.6,,VERIFIED-FULLTEXT x2,
Strauss2017,Table 1,dB^2(1 AU),total variance,model input,"13.2 nT^2, ~ r^-2.4",nT^2,VERIFIED-FULLTEXT x1,
Strauss2017,Table 1,dB_slab^2/dB^2,,model input,0.2,,VERIFIED-FULLTEXT x1,
Strauss2017,Table 1,s; p; k_min; 2D q,,model input,5/3; 2.6; 35 AU^-1; 7,,VERIFIED-FULLTEXT x1,
Laitinen2016,Sec. 2.3,dB^2/B^2,,1 AU,0.04,,VERIFIED-FULLTEXT x2,
Laitinen2016,Sec. 2.3,slab:2D,,,20%:80%,,VERIFIED-FULLTEXT x2,
Laitinen2016,Sec. 2.3,L_par = L_perp,breakpoint scale,,0.007,AU,VERIFIED-FULLTEXT x2,
Laitinen2016,Sec. 2.3,L0(r),outer scale,,r,,VERIFIED-FULLTEXT x2,
Laitinen2016,Eqs. 13-14,W(r) parameters,,r0 = 1 AU,V_sw = 400 km/s; v_A0 = 30 km/s,km/s,VERIFIED-FULLTEXT x2,
Cuesta2022,Table 1,lambda_C parallel,e-folding,"ACE/WIND, all V_SW",1.98 +/- 0.09,1e6 km,VERIFIED-FULLTEXT x2,
Cuesta2022,Table 1,lambda_C perpendicular,e-folding,"ACE/WIND, all V_SW",1.55 +/- 0.02,1e6 km,VERIFIED-FULLTEXT x2,
Cuesta2022,Table 1,ratio,e-folding,"ACE/WIND, all V_SW",1.28 +/- 0.06,,VERIFIED-FULLTEXT x2,abstract gives 1.29 for all wind
Cuesta2022,Table 1,lambda_C parallel,e-folding,"ACE/WIND, V_SW<450 km/s",1.98 +/- 0.11,1e6 km,VERIFIED-FULLTEXT x2,
Cuesta2022,Table 1,lambda_C perpendicular,e-folding,"ACE/WIND, V_SW<450 km/s",1.67 +/- 0.02,1e6 km,VERIFIED-FULLTEXT x2,
Cuesta2022,Table 1,ratio,e-folding,"ACE/WIND, V_SW<450 km/s",1.19 +/- 0.07,,VERIFIED-FULLTEXT x2,
Cuesta2022,Table 1,lambda_C parallel,e-folding,"ACE/WIND, V_SW>600 km/s",1.78 +/- 0.31,1e6 km,VERIFIED-FULLTEXT x2,
Cuesta2022,Table 1,lambda_C perpendicular,e-folding,"ACE/WIND, V_SW>600 km/s",1.05 +/- 0.05,1e6 km,VERIFIED-FULLTEXT x2,
Cuesta2022,Table 1,ratio,e-folding,"ACE/WIND, V_SW>600 km/s",1.70 +/- 0.31,,VERIFIED-FULLTEXT x2,
Cuesta2022,Table 2,radial exponent of lambda_C,e-folding,R < 0.30 au,0.97 +/- 0.04,,VERIFIED-FULLTEXT x2,
Cuesta2022,Table 2,radial exponent of lambda_C,e-folding,0.30-1.0 au,0.29 +/- 0.01,,VERIFIED-FULLTEXT x2,
Cuesta2022,Table 2,radial exponent of lambda_C,e-folding,R > 1 au,0.27 +/- 0.01,,VERIFIED-FULLTEXT x2,
Cuesta2022,Table 2,radial exponent of lambda_C parallel,e-folding,R < 0.30 au,1.03 +/- 0.06,,VERIFIED-FULLTEXT x2,
Cuesta2022,Table 2,radial exponent of lambda_C parallel,e-folding,0.30-1.0 au,0.28 +/- 0.03,,VERIFIED-FULLTEXT x2,
Cuesta2022,Table 2,radial exponent of lambda_C parallel,e-folding,R > 1 au,0.64 +/- 0.12,,VERIFIED-FULLTEXT x2,
Cuesta2022,Table 2,radial exponent of lambda_C perpendicular,e-folding,R < 0.30 au,0.61 +/- 0.06,,VERIFIED-FULLTEXT x2,
Cuesta2022,Table 2,radial exponent of lambda_C perpendicular,e-folding,0.30-1.0 au,0.27 +/- 0.02,,VERIFIED-FULLTEXT x2,
Cuesta2022,Table 2,radial exponent of lambda_C perpendicular,e-folding,R > 1 au,0.23 +/- 0.01,,VERIFIED-FULLTEXT x2,
Ruiz2014,Sec. 3,lambda(D),integral scale,0.3-5 au,0.89 (D/1 AU)^0.43,1e6 km,VERIFIED-FULLTEXT x1,no exponent error reported
Ruiz2014,Table 1,lambda mean / median,integral scale,Helios 0.3-0.7 au,0.85 / 0.67,1e6 km,VERIFIED-FULLTEXT x1,
Ruiz2014,Table 1,lambda mean / median,integral scale,ACE ~1 au,1.12 / 0.97,1e6 km,VERIFIED-FULLTEXT x1,
Ruiz2014,Table 1,lambda mean / median,integral scale,Ulysses 3-5.3 au,2.03 / 1.85,1e6 km,VERIFIED-FULLTEXT x1,
Weygand2011,Table 1,lambda parallel,"double-exponential, larger decay constant",slow wind,2.8 +/- 0.8,1e6 km,VERIFIED-FULLTEXT x1,
Weygand2011,Table 1,lambda perpendicular,"double-exponential, larger decay constant",slow wind,1.1 +/- 0.1,1e6 km,VERIFIED-FULLTEXT x1,
Weygand2011,text,ratio,double-exponential,slow wind,2.55 +/- 0.76,,VERIFIED-FULLTEXT x1,
Weygand2011,Table 1,lambda parallel,"double-exponential, larger decay constant",fast wind,1.0 +/- 0.2,1e6 km,VERIFIED-FULLTEXT x1,
Weygand2011,Table 1,lambda perpendicular,"double-exponential, larger decay constant",fast wind,1.4 +/- 0.5,1e6 km,VERIFIED-FULLTEXT x1,
Weygand2011,text,ratio,double-exponential,fast wind,0.71 +/- 0.29,,VERIFIED-FULLTEXT x1,
Zhao2018,Sec. 3.2,lambda_s average,"1/e, max lag 1 h",OMNI 1 au,~0.88,1e6 km,VERIFIED-FULLTEXT x1,
Lang2024,Table 5,lambda_slab,Eq. 13 relation,1 au nominal,2.81 +/- 1.51,1e6 km,VERIFIED-FULLTEXT x1,
Lang2024,Table 5,lambda_2D,,1 au nominal,1.10 +/- 0.49,1e6 km,VERIFIED-FULLTEXT x1,
Subashchandar2025,Sec. 2,f_mid length,50% of fluctuation power,~0.07 AU,8e4 (1/134 Hz),km,VERIFIED-FULLTEXT x2,
Subashchandar2025,Sec. 2,f_mid length,50% of fluctuation power,~0.3 AU,1.3e5 (1/302 Hz),km,VERIFIED-FULLTEXT x2,
ChenCHK2020,Sec. III.1,inertial magnetic index,10^-2-10^-1 Hz,0.17 au to 0.6 au,-3/2 to -5/3,,VERIFIED-FULLTEXT x2,
Cheng2025,location not recorded,inertial index q,0.01-0.1 Hz,PSP <0.3 au CH / streamer,1.55 +/- 0.07 / 1.59 +/- 0.10,,VERIFIED-FULLTEXT x1,
Leamon2000,Table 1,break fit a + b(X/2pi),X = Omega_ci,1 au,"a = 0.200, b = 1.760, chi2 = 2.93",,"VERIFIED-FULLTEXT x2 (OCR; v1.0: 1; v1.2 check: 1, copy of the published version)","column header glyph extracted as ""s2"", read as chi^2"
Leamon2000,Table 1,break fit a + b(X/2pi),X = k_res V_sw,1 au,"a = 0.274, b = 0.360, chi2 = 3.61",,"VERIFIED-FULLTEXT x2 (OCR; v1.0: 1; v1.2 check: 1, copy of the published version)","column header glyph extracted as ""s2"", read as chi^2"
Leamon2000,Table 1,break fit a + b(X/2pi),X = k_ii V_sw,1 au,"a = 0.152, b = 0.451, chi2 = 2.66",,"VERIFIED-FULLTEXT x2 (OCR; v1.0: 1; v1.2 check: 1, copy of the published version)","column header glyph extracted as ""s2"", read as chi^2"
Strauss2020,Eq. (9) in arXiv PDF; (13) in ar5iv,k_d,(2pi/V_sw)(a + b Omega_i),1 au,"a = 0.2 Hz, b = 1.76",,VERIFIED-FULLTEXT x1,Omega_i angular/cyclic not stated in accessible text
EngelbrechtStrauss2018,Eq. 17,"k_d,LH",Omega_p/(V_A + 3 v_th^p),,as extracted,,VERIFIED-FULLTEXT x1,
EngelbrechtStrauss2018,Table 1,B,,1 AU,5,nT,VERIFIED-FULLTEXT x1,
EngelbrechtStrauss2018,Table 1,n,,1 AU,7,cm^-3,VERIFIED-FULLTEXT x1,
EngelbrechtStrauss2018,Table 1,T_p,,1 AU,0.95e5,K,VERIFIED-FULLTEXT x1,
EngelbrechtStrauss2018,Table 1,T_e,,1 AU,1.46e5,K,VERIFIED-FULLTEXT x1,
EngelbrechtStrauss2018,Table 1,V_A,,1 AU,41,km/s,VERIFIED-FULLTEXT x1,
EngelbrechtStrauss2018,Table 1,v_th^p,,1 AU,40,km/s,VERIFIED-FULLTEXT x1,
EB2013b,Table 2,dissipation break frequencies,Leamon et al. 2000 models,1 AU,"0.456, 0.452, 0.298, 0.178",Hz,VERIFIED-FULLTEXT x2,
Alexandrova2009,abstract,ion-scale index,,Cluster,~k^-2.8,,ABSTRACT-ONLY x2,"~ means ""scales as"" (published abstract); the arXiv abstract prints k^-2.8 without ~"
Breech2008,Fig. 4 caption,boundary values,as printed,0.3 AU ecliptic Case 1,Z^2 = 3000 (km/s)^2; lambda = 0.008 AU; sigma_c = 0.60; T = 1.8e5 K,,VERIFIED-FULLTEXT x1,
Breech2008,Fig. 5 caption,boundary values,as printed,"0.3 AU, theta = 75 deg, Case 1",Z^2 = 6000 (km/s)^2; lambda = 0.03 AU; sigma_c = 0.80; T = 8.5e5 K,,VERIFIED-FULLTEXT x1,
Oughton2011,Fig. 1 caption,boundary values,as printed,0.3 AU,"Z^2 = 1500, W^2 = 150 km^2 s^-2; l = l_wave = 0.008 AU; l_par = 0.036 AU; sigma_c = 0.6; T printed 1.6e6 K",,VERIFIED-FULLTEXT x1 (copy of the published PDF; re-read v1.2),temperature conflicts with Wiengarten2016 (1.6e5 K)
Oughton2011,Sec. 3.2,boundary values,as printed,1 AU,l = l_wave = 0.014 AU; l_par = 0.037 AU; sigma_c = 0.5,,VERIFIED-FULLTEXT x1,
Wiengarten2016,Sec. 3.1 (reproducing Oughton 2011),boundary values,as printed,0.3 au validation,"Z^2 = 1500, W^2 = 150 km^2 s^-2; sigma_c = 0.6; l = lambda = 0.008 AU; lambda_par = 0.036 AU; T = 1.6e5 K",,VERIFIED-FULLTEXT x1,
Wiengarten2016,Sec. 3.2,boundary values,as printed,0.3 au low latitude,"Z^2 = 900, W^2 = 90; sigma_c = 0.4; l = lambda = 0.012 AU; lambda_par = 0.03 AU; T = 3.0e5 K",,VERIFIED-FULLTEXT x1,
Wiengarten2016,Sec. 3.2,boundary values,as printed,0.3 au high latitude,"Z^2 = 5000, W^2 = 500; sigma_c = 0.6; l = lambda = 0.018 AU; lambda_par = 0.03 AU; T = 1.5e6 K",,VERIFIED-FULLTEXT x1,
EB2013a,Table 1,boundary values,as printed,0.3 AU ecliptic,"Z^2 = 1250, W^2 = 350 km^2 s^-2; lambda = l = 0.004 AU; lambda_c,s = 0.011 AU; sigma_c = 0.6; T = 2e5 K",,"VERIFIED-FULLTEXT x2 (v1.0: 1; v1.2 check: 1, copy of the published version)",
EB2013a,Table 1,boundary values,as printed,0.3 AU polar,"Z^2 = 1600, W^2 = 3000 km^2 s^-2; lambda = l = 0.015 AU; lambda_c,s = 0.011 AU; sigma_c = 0.8; T = 1.6e6 K",,"VERIFIED-FULLTEXT x2 (v1.0: 1; v1.2 check: 1, copy of the published version)",
Smith2001,"Sec. 3.2 (Fig. 5 solid curve, repeated for Fig. 6); alternates in Sec. 3.2 (Fig. 5: 400, 250) and App. B Fig. 11 caption (250, 650)",boundary values,as printed,1 AU,"Z^2 = 350 km^2 s^-2 (alternates 250, 400, 650); Lambda = 0.03 AU; T = 60000 K",,VERIFIED-FULLTEXT x1,the paper calls these 1 AU initial conditions; the length-scale symbol is an upper-case letter in the scan
Adhikari2017,Table 1,boundary values,as printed,1 au 2D,"<z+^2> = 4000, <z-^2> = 800, E_D = -100 km^2 s^-2; L+ = 2.97e9, L- = 1.33e9, L_D = -5.27e8 km^3 s^-2; T = 8e4 K",,VERIFIED-FULLTEXT x1,
Adhikari2017,Table 1,boundary values,as printed,1 au slab,"<z+^2> = 1000, <z-^2> = 200, E_D = -25 km^2 s^-2; L+ = 7.43e8, L- = 6.05e8 (printed L*+), L_D = -3.17e7 km^3 s^-2",,VERIFIED-FULLTEXT x1,
Adhikari2020,Table 2,boundary values,as printed,0.165 au quasi-2D,"<z+^2> = 9338.4, <z-^2> = 952.4, E_D = -112.48 km^2 s^-2; L+ = 5.19e8, L- = 5.44e7, L_D = -1.34e8 km^3 s^-2; T = 1.75e5 K",,VERIFIED-FULLTEXT x1,
Adhikari2020,Table 2,boundary values,as printed,0.165 au slab,"<z+^2> = 2334.6, <z-^2> = 238.1, E_D = -28.12 km^2 s^-2; L+ = 2.59e8, L- = 2.72e7, L_D = -6.7e7 km^3 s^-2",,VERIFIED-FULLTEXT x1,
Usmanov2018,Table 1; sigma_c0 from Sec. 2.8,boundary values,as printed,1 Rsun,alpha = 2 beta = 0.128; driving amplitude 28.6 km/s; lambda0 = 0.015 Rsun; sigma_c0 = 0.8,,VERIFIED-FULLTEXT x1,"sigma_c0 is the amplitude of the initial cross-helicity profile scaled with B_r/B_r,max (exact form not legible); sigma_c is extrapolated at the inner boundary, not fixed (Sec. 2.9)"
Breech2008,Sec. 3.3,sigma_D with r_A = 1/2,,,"sigma_D = 1/3 in the only readable rendering, which drops minus signs throughout",,SIGN NOT LEGIBLE,r_A = (1 + sigma_D)/(1 - sigma_D) = 1/2 gives sigma_D = -1/3; Usmanov2018 Table 1 prints -1/3; see D-15
Raath2016,Eqs. 2-4,Parker field parameters,,,"r0 = 1 AU; r_sun = 0.005 AU; Omega = 2.66e-6 rad/s; V_sw ~400 km/s equator, 800 km/s poles",,VERIFIED-FULLTEXT x1,
Raath2016,Table 1,B0 at 1 AU,,2006; 2007; 2008; 2009,5.05; 4.50; 4.25; 3.94,nT,VERIFIED-FULLTEXT x1,
Raath2016,Eq. 31,Smith-Bieber,,,b = 20 r_sun; B_T(b)/B_R(b) ~ -0.02,,VERIFIED-FULLTEXT x1,
Raath2016,Eqs. 29-30,Jokipii-Kota,,,delta_m = 8.7e-5; delta = 0.002 near poles,,VERIFIED-FULLTEXT x1,
