j,k,l,d_i0,d_i1,d_i2,d_i3,d_i4,d_i5
0,0,0,-0.20782397E+01,0.80542173E+00,0.43509413E-01,-0.21765985E-01,-0.34880893E-02,-0.14567092E-03
0,0,1,-0.46386191E+00,-0.98573919E-01,0.55008025E-02,0.60611018E-02,0.81158994E-03,0.32584425E-04
0,0,2,-0.20027545E-01,0.77767273E-02,-0.17837106E-03,-0.34531413E-03,-0.48546308E-04,-0.20284890E-05
0,1,0,0.32932663E-01,0.55078257E-01,0.57859672E-02,-0.98263229E-02,-0.15658018E-02,-0.64502352E-04
0,1,1,0.79801317E-01,-0.16056809E-01,-0.43059925E-02,0.15297052E-02,0.29837887E-03,0.13184386E-04
0,1,2,-0.96094000E-02,-0.70750559E-03,0.71313130E-04,-0.14638662E-03,-0.27273546E-04,-0.12478895E-05
0,2,0,0.45254433E-01,-0.15503612E-03,-0.58120004E-02,-0.95055489E-03,-0.41356187E-04,0.75481060E-07
0,2,1,-0.12156453E-01,-0.14601653E-02,0.16977702E-02,0.48775342E-03,0.45538505E-04,0.14225158E-05
0,2,2,0.14840409E-02,0.42407064E-03,-0.45749343E-04,-0.31128841E-04,-0.36845885E-05,-0.13458210E-06
0,3,0,0.32974684E-02,-0.60751030E-03,-0.81092420E-03,-0.65981454E-04,0.46104859E-05,0.42766278E-06
0,3,1,-0.10773557E-02,-0.29570722E-03,0.43219766E-04,0.13131432E-05,-0.13053938E-05,-0.84558084E-07
0,3,2,0.12302544E-03,0.56007217E-04,0.10139352E-04,0.24540202E-05,0.33361447E-06,0.14524518E-07
1,0,0,-0.11101067E+01,0.31228772E+00,-0.13177282E-01,-0.22255326E-01,-0.30794494E-02,-0.12445252E-03
1,0,1,-0.27352296E+00,-0.13632322E+00,0.95260785E-02,0.80307990E-02,0.96089118E-03,0.35198094E-04
1,0,2,0.12818726E-01,0.96450258E-02,-0.23937203E-02,-0.11687264E-02,-0.13273061E-03,-0.47474106E-05
1,1,0,-0.10207300E+00,0.11063794E-01,0.55260570E-02,-0.14631952E-02,-0.28667936E-03,-0.12195614E-04
1,1,1,-0.89940234E-02,0.15794357E-01,0.10450265E-01,0.23173513E-02,0.20829148E-03,0.66426911E-05
1,1,2,0.32828567E-02,-0.10346441E-02,-0.10776541E-02,-0.22747122E-03,-0.19402946E-04,-0.60184518E-06
1,2,0,0.16729966E-01,-0.86926828E-02,-0.47449408E-02,-0.25011753E-03,0.52349008E-04,0.39216750E-05
1,2,1,-0.68420124E-02,0.15559548E-02,-0.95408753E-03,-0.59427782E-03,-0.82159092E-04,-0.33850261E-05
1,2,2,0.80345403E-03,-0.54456722E-04,0.18658915E-03,0.84258499E-04,0.10778557E-04,0.42789250E-06
1,3,0,0.22208796E-02,-0.58431586E-03,-0.48924660E-03,-0.27928743E-04,0.51958515E-05,0.39174790E-06
1,3,1,-0.38128951E-04,0.13477913E-03,-0.25264265E-03,-0.10906523E-03,-0.13641539E-04,-0.53623767E-06
1,3,2,0.87033985E-05,-0.14763804E-04,0.25957223E-04,0.11060270E-04,0.13830492E-05,0.54549206E-07
2,0,0,-0.35795231E+00,0.65313508E-01,-0.50976726E-02,-0.52759476E-02,-0.70390662E-03,-0.28026723E-04
2,0,1,-0.80001226E-01,-0.34222505E-01,0.15934024E-02,0.15341728E-02,0.17475526E-03,0.60919963E-05
2,0,2,0.87639890E-02,0.34113860E-02,-0.18169113E-03,-0.16835979E-03,-0.18690148E-04,-0.62524682E-06
2,1,0,-0.26504203E-01,-0.19821713E-02,0.26199589E-02,0.52733957E-03,0.46965191E-04,0.16425008E-05
2,1,1,0.31124751E-03,0.71374069E-02,0.19284097E-02,0.75522804E-04,-0.14569881E-04,-0.96859723E-06
2,1,2,0.55387018E-03,-0.72916289E-03,-0.22397964E-03,-0.51781606E-06,0.30976122E-05,0.17280133E-06
2,2,0,0.25359898E-02,-0.29959443E-02,-0.89093469E-03,0.56975030E-04,0.25922842E-04,0.14212540E-05
2,2,1,-0.77368564E-03,0.92068559E-03,-0.29143432E-03,-0.18699531E-03,-0.25019943E-04,-0.10043456E-05
2,2,2,0.16753641E-03,-0.63376050E-04,0.32826799E-04,0.18838799E-04,0.24833739E-05,0.98856519E-07
2,3,0,0.37522544E-03,-0.17359581E-03,-0.84952992E-04,0.16008488E-05,0.19086792E-05,0.11081771E-06
2,3,1,0.77690104E-04,0.52930691E-04,-0.71571141E-04,-0.28796227E-04,-0.34496071E-05,-0.13183005E-06
2,3,2,-0.33219791E-05,-0.36269908E-05,0.64832962E-05,0.24768957E-05,0.29318259E-06,0.11173399E-07
3,0,0,-0.26370968E-01,0.45853683E-02,-0.42857969E-03,-0.38478482E-03,-0.50492454E-04,-0.19949740E-05
3,0,1,-0.59333101E-02,-0.24985017E-02,0.83613754E-04,0.93963534E-04,0.10360895E-04,0.34793936E-06
3,0,2,0.82864537E-03,0.29126396E-03,0.91218775E-05,-0.58268328E-05,-0.64542109E-06,-0.18840624E-07
3,1,0,-0.21245015E-02,-0.24321040E-03,0.27708187E-03,0.76882914E-04,0.81206123E-05,0.30009780E-06
3,1,1,0.21504225E-03,0.58749970E-03,0.68725126E-04,-0.23819124E-04,-0.45232048E-05,-0.20090275E-06
3,1,2,0.13663304E-04,-0.67148914E-04,-0.80040661E-05,0.38261029E-05,0.69827212E-06,0.30722829E-07
3,2,0,0.86363838E-04,-0.25412269E-03,-0.47306183E-04,0.10707095E-04,0.25867542E-05,0.12762594E-06
3,2,1,0.69686411E-05,0.95111050E-04,-0.24784177E-04,-0.15707547E-04,-0.20542771E-05,-0.81082411E-07
3,2,2,0.86898718E-05,-0.74726285E-05,0.15429839E-05,0.12006276E-05,0.16251525E-06,0.64782353E-08
3,3,0,0.18940167E-04,-0.14961780E-04,-0.47045372E-05,0.55656921E-06,0.17796779E-06,0.91749454E-08
3,3,1,0.10317043E-04,0.54645836E-05,-0.52425736E-05,-0.20926819E-05,-0.24595118E-06,-0.92493584E-08
3,3,2,-0.50524289E-06,-0.31899297E-06,0.39480448E-06,0.14383851E-06,0.16356627E-07,0.60444987E-09
