source,location,label,species,parameter,value_as_printed,unit,verification,flag
Potgieter2014,Table 1,2006,proton,alpha_tilt,15.7,deg,VERIFIED-FULLTEXT x3,
Potgieter2014,Table 1,2007,proton,alpha_tilt,14.0,deg,VERIFIED-FULLTEXT x3,
Potgieter2014,Table 1,2008,proton,alpha_tilt,14.3,deg,VERIFIED-FULLTEXT x3,
Potgieter2014,Table 1,2009,proton,alpha_tilt,10.0,deg,VERIFIED-FULLTEXT x3,
Potgieter2014,Table 1,2006,proton,B_Earth,5.05,nT,VERIFIED-FULLTEXT x3,
Potgieter2014,Table 1,2007,proton,B_Earth,4.50,nT,VERIFIED-FULLTEXT x3,
Potgieter2014,Table 1,2008,proton,B_Earth,4.25,nT,VERIFIED-FULLTEXT x3,
Potgieter2014,Table 1,2009,proton,B_Earth,3.94,nT,VERIFIED-FULLTEXT x3,
Potgieter2014,Table 1,2006,proton,lambda_par_Earth_100MV,0.04,AU,VERIFIED-FULLTEXT x3,
Potgieter2014,Table 1,2007,proton,lambda_par_Earth_100MV,0.06,AU,VERIFIED-FULLTEXT x3,
Potgieter2014,Table 1,2008,proton,lambda_par_Earth_100MV,0.09,AU,VERIFIED-FULLTEXT x3,
Potgieter2014,Table 1,2009,proton,lambda_par_Earth_100MV,0.12,AU,VERIFIED-FULLTEXT x3,
Potgieter2014,Table 1,2006,proton,a,0.56,,VERIFIED-FULLTEXT x3,
Potgieter2014,Table 1,2007,proton,a,0.48,,VERIFIED-FULLTEXT x3,
Potgieter2014,Table 1,2008,proton,a,0.39,,VERIFIED-FULLTEXT x3,
Potgieter2014,Table 1,2009,proton,a,0.28,,VERIFIED-FULLTEXT x3,
Potgieter2014,Table 1,2006,proton,P_k,4.0,GV,VERIFIED-FULLTEXT x3,
Potgieter2014,Table 1,2007,proton,P_k,4.0,GV,VERIFIED-FULLTEXT x3,
Potgieter2014,Table 1,2008,proton,P_k,4.0,GV,VERIFIED-FULLTEXT x3,
Potgieter2014,Table 1,2009,proton,P_k,4.2,GV,VERIFIED-FULLTEXT x3,
Potgieter2014,Table 1,2006,proton,P_A0,1/sqrt(10),GV,VERIFIED-FULLTEXT x3,
Potgieter2014,Table 1,2007,proton,P_A0,1/sqrt(10),GV,VERIFIED-FULLTEXT x3,
Potgieter2014,Table 1,2008,proton,P_A0,1/sqrt(10),GV,VERIFIED-FULLTEXT x3,
Potgieter2014,Table 1,2009,proton,P_A0,1/sqrt(40),GV,VERIFIED-FULLTEXT x3,
Potgieter2014,Sec. 3 (Eq. 5),2006,proton,b,1.95,,VERIFIED-FULLTEXT x3,
Potgieter2014,Sec. 3 (Eq. 5),2006,proton,c,3.0,,VERIFIED-FULLTEXT x3,
Potgieter2014,Sec. 3 (Eq. 5),2006,proton,K_par0_unit,10^22,cm^2 s^-1,VERIFIED-FULLTEXT x3,UNIT only; no numerical value printed
Potgieter2014,Eq. 6-8,2006,proton,K_perp_r_over_K_par,0.02,,VERIFIED-FULLTEXT x3,
Potgieter2014,Eq. 8,2006,proton,d,3.0,,VERIFIED-FULLTEXT x3,
Potgieter2014,Sec. 3 (Eq. 5),2007,proton,b,1.95,,VERIFIED-FULLTEXT x3,
Potgieter2014,Sec. 3 (Eq. 5),2007,proton,c,3.0,,VERIFIED-FULLTEXT x3,
Potgieter2014,Sec. 3 (Eq. 5),2007,proton,K_par0_unit,10^22,cm^2 s^-1,VERIFIED-FULLTEXT x3,UNIT only; no numerical value printed
Potgieter2014,Eq. 6-8,2007,proton,K_perp_r_over_K_par,0.02,,VERIFIED-FULLTEXT x3,
Potgieter2014,Eq. 8,2007,proton,d,3.0,,VERIFIED-FULLTEXT x3,
Potgieter2014,Sec. 3 (Eq. 5),2008,proton,b,1.95,,VERIFIED-FULLTEXT x3,
Potgieter2014,Sec. 3 (Eq. 5),2008,proton,c,3.0,,VERIFIED-FULLTEXT x3,
Potgieter2014,Sec. 3 (Eq. 5),2008,proton,K_par0_unit,10^22,cm^2 s^-1,VERIFIED-FULLTEXT x3,UNIT only; no numerical value printed
Potgieter2014,Eq. 6-8,2008,proton,K_perp_r_over_K_par,0.02,,VERIFIED-FULLTEXT x3,
Potgieter2014,Eq. 8,2008,proton,d,3.0,,VERIFIED-FULLTEXT x3,
Potgieter2014,Sec. 3 (Eq. 5),2009,proton,b,1.95,,VERIFIED-FULLTEXT x3,
Potgieter2014,Sec. 3 (Eq. 5),2009,proton,c,3.0,,VERIFIED-FULLTEXT x3,
Potgieter2014,Sec. 3 (Eq. 5),2009,proton,K_par0_unit,10^22,cm^2 s^-1,VERIFIED-FULLTEXT x3,UNIT only; no numerical value printed
Potgieter2014,Eq. 6-8,2009,proton,K_perp_r_over_K_par,0.02,,VERIFIED-FULLTEXT x3,
Potgieter2014,Eq. 8,2009,proton,d,3.0,,VERIFIED-FULLTEXT x3,
VosPotgieter2015,Table 1,2006e,proton,alpha_tilt,16.80,deg,VERIFIED-FULLTEXT x2,
VosPotgieter2015,Table 1,2007m,proton,alpha_tilt,14.43,deg,VERIFIED-FULLTEXT x2,
VosPotgieter2015,Table 1,2007e,proton,alpha_tilt,14.08,deg,VERIFIED-FULLTEXT x2,
VosPotgieter2015,Table 1,2008m,proton,alpha_tilt,15.56,deg,VERIFIED-FULLTEXT x2,
VosPotgieter2015,Table 1,2008e,proton,alpha_tilt,14.38,deg,VERIFIED-FULLTEXT x2,
VosPotgieter2015,Table 1,2009m,proton,alpha_tilt,11.01,deg,VERIFIED-FULLTEXT x2,
VosPotgieter2015,Table 1,2009e,proton,alpha_tilt,9.50,deg,VERIFIED-FULLTEXT x2,
VosPotgieter2015,Table 1,2006e,proton,B_e,4.95,nT,VERIFIED-FULLTEXT x2,
VosPotgieter2015,Table 1,2007m,proton,B_e,4.72,nT,VERIFIED-FULLTEXT x2,
VosPotgieter2015,Table 1,2007e,proton,B_e,4.36,nT,VERIFIED-FULLTEXT x2,
VosPotgieter2015,Table 1,2008m,proton,B_e,4.27,nT,VERIFIED-FULLTEXT x2,
VosPotgieter2015,Table 1,2008e,proton,B_e,4.11,nT,VERIFIED-FULLTEXT x2,
VosPotgieter2015,Table 1,2009m,proton,B_e,3.97,nT,VERIFIED-FULLTEXT x2,
VosPotgieter2015,Table 1,2009e,proton,B_e,3.91,nT,VERIFIED-FULLTEXT x2,
VosPotgieter2015,Table 1,2006e,proton,r_TS,88.0,AU,VERIFIED-FULLTEXT x2,
VosPotgieter2015,Table 1,2007m,proton,r_TS,87.0,AU,VERIFIED-FULLTEXT x2,
VosPotgieter2015,Table 1,2007e,proton,r_TS,86.0,AU,VERIFIED-FULLTEXT x2,
VosPotgieter2015,Table 1,2008m,proton,r_TS,85.0,AU,VERIFIED-FULLTEXT x2,
VosPotgieter2015,Table 1,2008e,proton,r_TS,84.0,AU,VERIFIED-FULLTEXT x2,
VosPotgieter2015,Table 1,2009m,proton,r_TS,82.0,AU,VERIFIED-FULLTEXT x2,
VosPotgieter2015,Table 1,2009e,proton,r_TS,80.0,AU,VERIFIED-FULLTEXT x2,
VosPotgieter2015,Table 2,2006e,proton,lambda_par_Earth_1GV,0.742,AU,VERIFIED-FULLTEXT x2,
VosPotgieter2015,Table 2,2007e,proton,lambda_par_Earth_1GV,0.888,AU,VERIFIED-FULLTEXT x2,
VosPotgieter2015,Table 2,2008e,proton,lambda_par_Earth_1GV,0.970,AU,VERIFIED-FULLTEXT x2,
VosPotgieter2015,Table 2,2009e,proton,lambda_par_Earth_1GV,1.204,AU,VERIFIED-FULLTEXT x2,
VosPotgieter2015,Table 2,2006e,proton,a,0.91,,VERIFIED-FULLTEXT x2,
VosPotgieter2015,Table 2,2007e,proton,a,0.88,,VERIFIED-FULLTEXT x2,
VosPotgieter2015,Table 2,2008e,proton,a,0.86,,VERIFIED-FULLTEXT x2,
VosPotgieter2015,Table 2,2009e,proton,a,0.80,,VERIFIED-FULLTEXT x2,
VosPotgieter2015,Table 2,2006e,proton,b_par,2.10,,VERIFIED-FULLTEXT x2,
VosPotgieter2015,Table 2,2007e,proton,b_par,2.10,,VERIFIED-FULLTEXT x2,
VosPotgieter2015,Table 2,2008e,proton,b_par,2.10,,VERIFIED-FULLTEXT x2,
VosPotgieter2015,Table 2,2009e,proton,b_par,2.10,,VERIFIED-FULLTEXT x2,
VosPotgieter2015,Table 2,2006e,proton,b_perp,1.58,,VERIFIED-FULLTEXT x2,
VosPotgieter2015,Table 2,2007e,proton,b_perp,1.58,,VERIFIED-FULLTEXT x2,
VosPotgieter2015,Table 2,2008e,proton,b_perp,1.58,,VERIFIED-FULLTEXT x2,
VosPotgieter2015,Table 2,2009e,proton,b_perp,1.58,,VERIFIED-FULLTEXT x2,
VosPotgieter2015,Table 2,2006e,proton,c,2.60,,VERIFIED-FULLTEXT x2,
VosPotgieter2015,Table 2,2007e,proton,c,2.40,,VERIFIED-FULLTEXT x2,
VosPotgieter2015,Table 2,2008e,proton,c,3.0,,VERIFIED-FULLTEXT x2,
VosPotgieter2015,Table 2,2009e,proton,c,2.2,,VERIFIED-FULLTEXT x2,
VosPotgieter2015,Table 2,2006e,proton,P_k,4.00,GV,VERIFIED-FULLTEXT x2,
VosPotgieter2015,Table 2,2007e,proton,P_k,4.05,GV,VERIFIED-FULLTEXT x2,
VosPotgieter2015,Table 2,2008e,proton,P_k,4.08,GV,VERIFIED-FULLTEXT x2,
VosPotgieter2015,Table 2,2009e,proton,P_k,4.30,GV,VERIFIED-FULLTEXT x2,
VosPotgieter2015,Eq. 8-9 text,2006e,proton,K_perp_r_over_K_par,0.02,,FULLTEXT-GARBLED (text),
VosPotgieter2015,Eq. 8-9 text,2006e,proton,K_perp_theta_over_K_par,0.01,,FULLTEXT-GARBLED (text),
VosPotgieter2015,Eq. 11 text,2006e,proton,P_A0,0.55,GV,FULLTEXT-GARBLED (text),
VosPotgieter2015,Eq. 8-9 text,2007m,proton,K_perp_r_over_K_par,0.02,,FULLTEXT-GARBLED (text),
VosPotgieter2015,Eq. 8-9 text,2007m,proton,K_perp_theta_over_K_par,0.01,,FULLTEXT-GARBLED (text),
VosPotgieter2015,Eq. 11 text,2007m,proton,P_A0,0.55,GV,FULLTEXT-GARBLED (text),
VosPotgieter2015,Eq. 8-9 text,2007e,proton,K_perp_r_over_K_par,0.02,,FULLTEXT-GARBLED (text),
VosPotgieter2015,Eq. 8-9 text,2007e,proton,K_perp_theta_over_K_par,0.01,,FULLTEXT-GARBLED (text),
VosPotgieter2015,Eq. 11 text,2007e,proton,P_A0,0.55,GV,FULLTEXT-GARBLED (text),
VosPotgieter2015,Eq. 8-9 text,2008m,proton,K_perp_r_over_K_par,0.02,,FULLTEXT-GARBLED (text),
VosPotgieter2015,Eq. 8-9 text,2008m,proton,K_perp_theta_over_K_par,0.01,,FULLTEXT-GARBLED (text),
VosPotgieter2015,Eq. 11 text,2008m,proton,P_A0,0.55,GV,FULLTEXT-GARBLED (text),
VosPotgieter2015,Eq. 8-9 text,2008e,proton,K_perp_r_over_K_par,0.02,,FULLTEXT-GARBLED (text),
VosPotgieter2015,Eq. 8-9 text,2008e,proton,K_perp_theta_over_K_par,0.01,,FULLTEXT-GARBLED (text),
VosPotgieter2015,Eq. 11 text,2008e,proton,P_A0,0.55,GV,FULLTEXT-GARBLED (text),
VosPotgieter2015,Eq. 8-9 text,2009m,proton,K_perp_r_over_K_par,0.02,,FULLTEXT-GARBLED (text),
VosPotgieter2015,Eq. 8-9 text,2009m,proton,K_perp_theta_over_K_par,0.01,,FULLTEXT-GARBLED (text),
VosPotgieter2015,Eq. 11 text,2009m,proton,P_A0,0.55,GV,FULLTEXT-GARBLED (text),
VosPotgieter2015,Eq. 8-9 text,2009e,proton,K_perp_r_over_K_par,0.02,,FULLTEXT-GARBLED (text),
VosPotgieter2015,Eq. 8-9 text,2009e,proton,K_perp_theta_over_K_par,0.01,,FULLTEXT-GARBLED (text),
VosPotgieter2015,Eq. 11 text,2009e,proton,P_A0,0.55,GV,FULLTEXT-GARBLED (text),
Potgieter2015,Table 1,2006b,electron,alpha_tilt,16.80,deg,VERIFIED-FULLTEXT x3,
Potgieter2015,Table 1,2007a,electron,alpha_tilt,14.70,deg,VERIFIED-FULLTEXT x3,
Potgieter2015,Table 1,2007b,electron,alpha_tilt,14.08,deg,VERIFIED-FULLTEXT x3,
Potgieter2015,Table 1,2008a,electron,alpha_tilt,15.55,deg,VERIFIED-FULLTEXT x3,
Potgieter2015,Table 1,2008b,electron,alpha_tilt,14.38,deg,VERIFIED-FULLTEXT x3,
Potgieter2015,Table 1,2009a,electron,alpha_tilt,11.00,deg,VERIFIED-FULLTEXT x3,
Potgieter2015,Table 1,2009b,electron,alpha_tilt,9.50,deg,VERIFIED-FULLTEXT x3,
Potgieter2015,Table 1,2006b,electron,B_Earth,4.95,nT,VERIFIED-FULLTEXT x3,
Potgieter2015,Table 1,2007a,electron,B_Earth,4.76,nT,VERIFIED-FULLTEXT x3,
Potgieter2015,Table 1,2007b,electron,B_Earth,4.36,nT,VERIFIED-FULLTEXT x3,
Potgieter2015,Table 1,2008a,electron,B_Earth,4.27,nT,VERIFIED-FULLTEXT x3,
Potgieter2015,Table 1,2008b,electron,B_Earth,4.11,nT,VERIFIED-FULLTEXT x3,
Potgieter2015,Table 1,2009a,electron,B_Earth,3.97,nT,VERIFIED-FULLTEXT x3,
Potgieter2015,Table 1,2009b,electron,B_Earth,3.91,nT,VERIFIED-FULLTEXT x3,
Potgieter2015,Table 1,2006b,electron,lambda_par_Earth_100MeV_printed_x1e-1,1.01,"AU (row label printed ""(AU) x 10^-1"")",VERIFIED-FULLTEXT x3,multiplier convention of row label not stated
Potgieter2015,Table 1,2007a,electron,lambda_par_Earth_100MeV_printed_x1e-1,1.07,"AU (row label printed ""(AU) x 10^-1"")",VERIFIED-FULLTEXT x3,multiplier convention of row label not stated
Potgieter2015,Table 1,2007b,electron,lambda_par_Earth_100MeV_printed_x1e-1,1.11,"AU (row label printed ""(AU) x 10^-1"")",VERIFIED-FULLTEXT x3,multiplier convention of row label not stated
Potgieter2015,Table 1,2008a,electron,lambda_par_Earth_100MeV_printed_x1e-1,1.18,"AU (row label printed ""(AU) x 10^-1"")",VERIFIED-FULLTEXT x3,multiplier convention of row label not stated
Potgieter2015,Table 1,2008b,electron,lambda_par_Earth_100MeV_printed_x1e-1,1.25,"AU (row label printed ""(AU) x 10^-1"")",VERIFIED-FULLTEXT x3,multiplier convention of row label not stated
Potgieter2015,Table 1,2009a,electron,lambda_par_Earth_100MeV_printed_x1e-1,1.27,"AU (row label printed ""(AU) x 10^-1"")",VERIFIED-FULLTEXT x3,multiplier convention of row label not stated
Potgieter2015,Table 1,2009b,electron,lambda_par_Earth_100MeV_printed_x1e-1,1.35,"AU (row label printed ""(AU) x 10^-1"")",VERIFIED-FULLTEXT x3,multiplier convention of row label not stated
Potgieter2015,Table 1,2006b,electron,lambda_perp_r_Earth_100MeV_printed_x1e-3,2.85,"AU (row label printed ""(AU) x 10^-3"")",VERIFIED-FULLTEXT x3,multiplier convention of row label not stated
Potgieter2015,Table 1,2007a,electron,lambda_perp_r_Earth_100MeV_printed_x1e-3,3.01,"AU (row label printed ""(AU) x 10^-3"")",VERIFIED-FULLTEXT x3,multiplier convention of row label not stated
Potgieter2015,Table 1,2007b,electron,lambda_perp_r_Earth_100MeV_printed_x1e-3,3.19,"AU (row label printed ""(AU) x 10^-3"")",VERIFIED-FULLTEXT x3,multiplier convention of row label not stated
Potgieter2015,Table 1,2008a,electron,lambda_perp_r_Earth_100MeV_printed_x1e-3,3.32,"AU (row label printed ""(AU) x 10^-3"")",VERIFIED-FULLTEXT x3,multiplier convention of row label not stated
Potgieter2015,Table 1,2008b,electron,lambda_perp_r_Earth_100MeV_printed_x1e-3,3.51,"AU (row label printed ""(AU) x 10^-3"")",VERIFIED-FULLTEXT x3,multiplier convention of row label not stated
Potgieter2015,Table 1,2009a,electron,lambda_perp_r_Earth_100MeV_printed_x1e-3,3.59,"AU (row label printed ""(AU) x 10^-3"")",VERIFIED-FULLTEXT x3,multiplier convention of row label not stated
Potgieter2015,Table 1,2009b,electron,lambda_perp_r_Earth_100MeV_printed_x1e-3,3.78,"AU (row label printed ""(AU) x 10^-3"")",VERIFIED-FULLTEXT x3,multiplier convention of row label not stated
Potgieter2015,Table 1,2006b,electron,a,0.0,,VERIFIED-FULLTEXT x3,
Potgieter2015,Table 1,2007a,electron,a,0.0,,VERIFIED-FULLTEXT x3,
Potgieter2015,Table 1,2007b,electron,a,0.0,,VERIFIED-FULLTEXT x3,
Potgieter2015,Table 1,2008a,electron,a,0.0,,VERIFIED-FULLTEXT x3,
Potgieter2015,Table 1,2008b,electron,a,0.0,,VERIFIED-FULLTEXT x3,
Potgieter2015,Table 1,2009a,electron,a,0.0,,VERIFIED-FULLTEXT x3,
Potgieter2015,Table 1,2009b,electron,a,0.0,,VERIFIED-FULLTEXT x3,
Potgieter2015,Table 1,2006b,electron,b1,1.55,,VERIFIED-FULLTEXT x3,
Potgieter2015,Table 1,2007a,electron,b1,1.55,,VERIFIED-FULLTEXT x3,
Potgieter2015,Table 1,2007b,electron,b1,1.55,,VERIFIED-FULLTEXT x3,
Potgieter2015,Table 1,2008a,electron,b1,1.55,,VERIFIED-FULLTEXT x3,
Potgieter2015,Table 1,2008b,electron,b1,1.55,,VERIFIED-FULLTEXT x3,
Potgieter2015,Table 1,2009a,electron,b1,1.55,,VERIFIED-FULLTEXT x3,
Potgieter2015,Table 1,2009b,electron,b1,1.55,,VERIFIED-FULLTEXT x3,
Potgieter2015,Table 1,2006b,electron,b2,1.24,,VERIFIED-FULLTEXT x3,
Potgieter2015,Table 1,2007a,electron,b2,1.24,,VERIFIED-FULLTEXT x3,
Potgieter2015,Table 1,2007b,electron,b2,1.24,,VERIFIED-FULLTEXT x3,
Potgieter2015,Table 1,2008a,electron,b2,1.24,,VERIFIED-FULLTEXT x3,
Potgieter2015,Table 1,2008b,electron,b2,1.24,,VERIFIED-FULLTEXT x3,
Potgieter2015,Table 1,2009a,electron,b2,1.24,,VERIFIED-FULLTEXT x3,
Potgieter2015,Table 1,2009b,electron,b2,1.24,,VERIFIED-FULLTEXT x3,
Potgieter2015,Table 1,2006b,electron,c,3.5,,VERIFIED-FULLTEXT x3,
Potgieter2015,Table 1,2007a,electron,c,3.5,,VERIFIED-FULLTEXT x3,
Potgieter2015,Table 1,2007b,electron,c,3.5,,VERIFIED-FULLTEXT x3,
Potgieter2015,Table 1,2008a,electron,c,3.5,,VERIFIED-FULLTEXT x3,
Potgieter2015,Table 1,2008b,electron,c,3.5,,VERIFIED-FULLTEXT x3,
Potgieter2015,Table 1,2009a,electron,c,3.5,,VERIFIED-FULLTEXT x3,
Potgieter2015,Table 1,2009b,electron,c,3.5,,VERIFIED-FULLTEXT x3,
Potgieter2015,Table 1,2006b,electron,P_k,0.33,GV,VERIFIED-FULLTEXT x3,
Potgieter2015,Table 1,2007a,electron,P_k,0.33,GV,VERIFIED-FULLTEXT x3,
Potgieter2015,Table 1,2007b,electron,P_k,0.33,GV,VERIFIED-FULLTEXT x3,
Potgieter2015,Table 1,2008a,electron,P_k,0.34,GV,VERIFIED-FULLTEXT x3,
Potgieter2015,Table 1,2008b,electron,P_k,0.34,GV,VERIFIED-FULLTEXT x3,
Potgieter2015,Table 1,2009a,electron,P_k,0.34,GV,VERIFIED-FULLTEXT x3,
Potgieter2015,Table 1,2009b,electron,P_k,0.34,GV,VERIFIED-FULLTEXT x3,
Potgieter2015,Eq. 9 text,2006b,electron,K0_unit,10^22,cm^2 s^-1,VERIFIED-FULLTEXT x3,UNIT only; no numerical value printed
Potgieter2015,Eq. 11 text,2006b,electron,d,1.2,,VERIFIED-FULLTEXT x3,
Potgieter2015,Eq. 9 text,2007a,electron,K0_unit,10^22,cm^2 s^-1,VERIFIED-FULLTEXT x3,UNIT only; no numerical value printed
Potgieter2015,Eq. 11 text,2007a,electron,d,1.2,,VERIFIED-FULLTEXT x3,
Potgieter2015,Eq. 9 text,2007b,electron,K0_unit,10^22,cm^2 s^-1,VERIFIED-FULLTEXT x3,UNIT only; no numerical value printed
Potgieter2015,Eq. 11 text,2007b,electron,d,1.2,,VERIFIED-FULLTEXT x3,
Potgieter2015,Eq. 9 text,2008a,electron,K0_unit,10^22,cm^2 s^-1,VERIFIED-FULLTEXT x3,UNIT only; no numerical value printed
Potgieter2015,Eq. 11 text,2008a,electron,d,1.2,,VERIFIED-FULLTEXT x3,
Potgieter2015,Eq. 9 text,2008b,electron,K0_unit,10^22,cm^2 s^-1,VERIFIED-FULLTEXT x3,UNIT only; no numerical value printed
Potgieter2015,Eq. 11 text,2008b,electron,d,1.2,,VERIFIED-FULLTEXT x3,
Potgieter2015,Eq. 9 text,2009a,electron,K0_unit,10^22,cm^2 s^-1,VERIFIED-FULLTEXT x3,UNIT only; no numerical value printed
Potgieter2015,Eq. 11 text,2009a,electron,d,1.2,,VERIFIED-FULLTEXT x3,
Potgieter2015,Eq. 9 text,2009b,electron,K0_unit,10^22,cm^2 s^-1,VERIFIED-FULLTEXT x3,UNIT only; no numerical value printed
Potgieter2015,Eq. 11 text,2009b,electron,d,1.2,,VERIFIED-FULLTEXT x3,
Aslam2019,Table 1,2006b,positron,alpha_tilt,16.80,deg,VERIFIED-FULLTEXT x3,
Aslam2019,Table 1,2007a,positron,alpha_tilt,14.43,deg,VERIFIED-FULLTEXT x3,
Aslam2019,Table 1,2007b,positron,alpha_tilt,14.08,deg,VERIFIED-FULLTEXT x3,
Aslam2019,Table 1,2008a,positron,alpha_tilt,15.56,deg,VERIFIED-FULLTEXT x3,
Aslam2019,Table 1,2008b,positron,alpha_tilt,14.38,deg,VERIFIED-FULLTEXT x3,
Aslam2019,Table 1,2009a,positron,alpha_tilt,11.01,deg,VERIFIED-FULLTEXT x3,
Aslam2019,Table 1,2009b,positron,alpha_tilt,9.50,deg,VERIFIED-FULLTEXT x3,
Aslam2019,Table 1,2006b,positron,B_e,4.95,nT,VERIFIED-FULLTEXT x3,
Aslam2019,Table 1,2007a,positron,B_e,4.72,nT,VERIFIED-FULLTEXT x3,
Aslam2019,Table 1,2007b,positron,B_e,4.36,nT,VERIFIED-FULLTEXT x3,
Aslam2019,Table 1,2008a,positron,B_e,4.27,nT,VERIFIED-FULLTEXT x3,
Aslam2019,Table 1,2008b,positron,B_e,4.11,nT,VERIFIED-FULLTEXT x3,
Aslam2019,Table 1,2009a,positron,B_e,3.97,nT,VERIFIED-FULLTEXT x3,
Aslam2019,Table 1,2009b,positron,B_e,3.91,nT,VERIFIED-FULLTEXT x3,
Aslam2019,Table 1,2006b,positron,r_TS,88.0,AU,VERIFIED-FULLTEXT x3,
Aslam2019,Table 1,2007a,positron,r_TS,87.0,AU,VERIFIED-FULLTEXT x3,
Aslam2019,Table 1,2007b,positron,r_TS,86.0,AU,VERIFIED-FULLTEXT x3,
Aslam2019,Table 1,2008a,positron,r_TS,85.0,AU,VERIFIED-FULLTEXT x3,
Aslam2019,Table 1,2008b,positron,r_TS,84.0,AU,VERIFIED-FULLTEXT x3,
Aslam2019,Table 1,2009a,positron,r_TS,82.0,AU,VERIFIED-FULLTEXT x3,
Aslam2019,Table 1,2009b,positron,r_TS,80.0,AU,VERIFIED-FULLTEXT x3,
Aslam2019,Table 1,2006b,positron,lambda_par_Earth_1GV,0.438,AU,VERIFIED-FULLTEXT x3,
Aslam2019,Table 1,2007a,positron,lambda_par_Earth_1GV,0.465,AU,VERIFIED-FULLTEXT x3,
Aslam2019,Table 1,2007b,positron,lambda_par_Earth_1GV,0.506,AU,VERIFIED-FULLTEXT x3,
Aslam2019,Table 1,2008a,positron,lambda_par_Earth_1GV,0.539,AU,VERIFIED-FULLTEXT x3,
Aslam2019,Table 1,2008b,positron,lambda_par_Earth_1GV,0.557,AU,VERIFIED-FULLTEXT x3,
Aslam2019,Table 1,2009a,positron,lambda_par_Earth_1GV,0.574,AU,VERIFIED-FULLTEXT x3,
Aslam2019,Table 1,2009b,positron,lambda_par_Earth_1GV,0.593,AU,VERIFIED-FULLTEXT x3,
Aslam2019,Table 1,2006b,positron,K_A0,0.90,,VERIFIED-FULLTEXT x3,
Aslam2019,Table 1,2007a,positron,K_A0,0.90,,VERIFIED-FULLTEXT x3,
Aslam2019,Table 1,2007b,positron,K_A0,0.90,,VERIFIED-FULLTEXT x3,
Aslam2019,Table 1,2008a,positron,K_A0,0.90,,VERIFIED-FULLTEXT x3,
Aslam2019,Table 1,2008b,positron,K_A0,0.90,,VERIFIED-FULLTEXT x3,
Aslam2019,Table 1,2009a,positron,K_A0,0.90,,VERIFIED-FULLTEXT x3,
Aslam2019,Table 1,2009b,positron,K_A0,0.90,,VERIFIED-FULLTEXT x3,
Aslam2019,Table 1,2006b,positron,P_A0,0.90,GV,VERIFIED-FULLTEXT x3,
Aslam2019,Table 1,2007a,positron,P_A0,0.90,GV,VERIFIED-FULLTEXT x3,
Aslam2019,Table 1,2007b,positron,P_A0,0.90,GV,VERIFIED-FULLTEXT x3,
Aslam2019,Table 1,2008a,positron,P_A0,0.90,GV,VERIFIED-FULLTEXT x3,
Aslam2019,Table 1,2008b,positron,P_A0,0.90,GV,VERIFIED-FULLTEXT x3,
Aslam2019,Table 1,2009a,positron,P_A0,0.90,GV,VERIFIED-FULLTEXT x3,
Aslam2019,Table 1,2009b,positron,P_A0,0.90,GV,VERIFIED-FULLTEXT x3,
Aslam2019,Table 1,2006b,positron,K0_perp_r,0.02,,VERIFIED-FULLTEXT x3,
Aslam2019,Table 1,2007a,positron,K0_perp_r,0.02,,VERIFIED-FULLTEXT x3,
Aslam2019,Table 1,2007b,positron,K0_perp_r,0.02,,VERIFIED-FULLTEXT x3,
Aslam2019,Table 1,2008a,positron,K0_perp_r,0.02,,VERIFIED-FULLTEXT x3,
Aslam2019,Table 1,2008b,positron,K0_perp_r,0.02,,VERIFIED-FULLTEXT x3,
Aslam2019,Table 1,2009a,positron,K0_perp_r,0.02,,VERIFIED-FULLTEXT x3,
Aslam2019,Table 1,2009b,positron,K0_perp_r,0.02,,VERIFIED-FULLTEXT x3,
Aslam2019,Table 1,2006b,positron,K0_perp_theta,0.02,,VERIFIED-FULLTEXT x3,
Aslam2019,Table 1,2007a,positron,K0_perp_theta,0.02,,VERIFIED-FULLTEXT x3,
Aslam2019,Table 1,2007b,positron,K0_perp_theta,0.02,,VERIFIED-FULLTEXT x3,
Aslam2019,Table 1,2008a,positron,K0_perp_theta,0.02,,VERIFIED-FULLTEXT x3,
Aslam2019,Table 1,2008b,positron,K0_perp_theta,0.02,,VERIFIED-FULLTEXT x3,
Aslam2019,Table 1,2009a,positron,K0_perp_theta,0.02,,VERIFIED-FULLTEXT x3,
Aslam2019,Table 1,2009b,positron,K0_perp_theta,0.02,,VERIFIED-FULLTEXT x3,
Aslam2019,Table 1,2006b,positron,c1,0.00,,VERIFIED-FULLTEXT x3,
Aslam2019,Table 1,2007a,positron,c1,0.00,,VERIFIED-FULLTEXT x3,
Aslam2019,Table 1,2007b,positron,c1,0.00,,VERIFIED-FULLTEXT x3,
Aslam2019,Table 1,2008a,positron,c1,0.00,,VERIFIED-FULLTEXT x3,
Aslam2019,Table 1,2008b,positron,c1,0.00,,VERIFIED-FULLTEXT x3,
Aslam2019,Table 1,2009a,positron,c1,0.00,,VERIFIED-FULLTEXT x3,
Aslam2019,Table 1,2009b,positron,c1,0.00,,VERIFIED-FULLTEXT x3,
Aslam2019,Table 1,2006b,positron,c2_par,2.25,,VERIFIED-FULLTEXT x3,
Aslam2019,Table 1,2007a,positron,c2_par,2.25,,VERIFIED-FULLTEXT x3,
Aslam2019,Table 1,2007b,positron,c2_par,2.25,,VERIFIED-FULLTEXT x3,
Aslam2019,Table 1,2008a,positron,c2_par,2.25,,VERIFIED-FULLTEXT x3,
Aslam2019,Table 1,2008b,positron,c2_par,2.25,,VERIFIED-FULLTEXT x3,
Aslam2019,Table 1,2009a,positron,c2_par,2.25,,VERIFIED-FULLTEXT x3,
Aslam2019,Table 1,2009b,positron,c2_par,2.25,,VERIFIED-FULLTEXT x3,
Aslam2019,Table 1,2006b,positron,c2_perp,1.688,,VERIFIED-FULLTEXT x3,
Aslam2019,Table 1,2007a,positron,c2_perp,1.688,,VERIFIED-FULLTEXT x3,
Aslam2019,Table 1,2007b,positron,c2_perp,1.688,,VERIFIED-FULLTEXT x3,
Aslam2019,Table 1,2008a,positron,c2_perp,1.688,,VERIFIED-FULLTEXT x3,
Aslam2019,Table 1,2008b,positron,c2_perp,1.688,,VERIFIED-FULLTEXT x3,
Aslam2019,Table 1,2009a,positron,c2_perp,1.688,,VERIFIED-FULLTEXT x3,
Aslam2019,Table 1,2009b,positron,c2_perp,1.688,,VERIFIED-FULLTEXT x3,
Aslam2019,Table 1,2006b,positron,c3,2.50,,VERIFIED-FULLTEXT x3,
Aslam2019,Table 1,2007a,positron,c3,2.50,,VERIFIED-FULLTEXT x3,
Aslam2019,Table 1,2007b,positron,c3,2.50,,VERIFIED-FULLTEXT x3,
Aslam2019,Table 1,2008a,positron,c3,2.50,,VERIFIED-FULLTEXT x3,
Aslam2019,Table 1,2008b,positron,c3,2.50,,VERIFIED-FULLTEXT x3,
Aslam2019,Table 1,2009a,positron,c3,2.70,,VERIFIED-FULLTEXT x3,
Aslam2019,Table 1,2009b,positron,c3,2.70,,VERIFIED-FULLTEXT x3,
Aslam2019,Table 1,2006b,positron,P_k,0.585,GV,VERIFIED-FULLTEXT x3,
Aslam2019,Table 1,2007a,positron,P_k,0.575,GV,VERIFIED-FULLTEXT x3,
Aslam2019,Table 1,2007b,positron,P_k,0.565,GV,VERIFIED-FULLTEXT x3,
Aslam2019,Table 1,2008a,positron,P_k,0.58,GV,VERIFIED-FULLTEXT x3,
Aslam2019,Table 1,2008b,positron,P_k,0.58,GV,VERIFIED-FULLTEXT x3,
Aslam2019,Table 1,2009a,positron,P_k,0.57,GV,VERIFIED-FULLTEXT x3,
Aslam2019,Table 1,2009b,positron,P_k,0.57,GV,VERIFIED-FULLTEXT x3,
Aslam2019,Table 1,2006b,positron,d_perp_theta,6.00,,VERIFIED-FULLTEXT x3,
Aslam2019,Table 1,2007a,positron,d_perp_theta,6.00,,VERIFIED-FULLTEXT x3,
Aslam2019,Table 1,2007b,positron,d_perp_theta,6.00,,VERIFIED-FULLTEXT x3,
Aslam2019,Table 1,2008a,positron,d_perp_theta,6.00,,VERIFIED-FULLTEXT x3,
Aslam2019,Table 1,2008b,positron,d_perp_theta,6.00,,VERIFIED-FULLTEXT x3,
Aslam2019,Table 1,2009a,positron,d_perp_theta,6.00,,VERIFIED-FULLTEXT x3,
Aslam2019,Table 1,2009b,positron,d_perp_theta,6.00,,VERIFIED-FULLTEXT x3,
Aslam2021,Sec. 4.4,2006,electron+positron,K_par0,32.13,6x10^20 cm^2 s^-1,VERIFIED-FULLTEXT x2,UNIT 6e20 differs from 2019/2023 papers
Aslam2021,Sec. 4.4,2009,electron+positron,K_par0,34.29,6x10^20 cm^2 s^-1,VERIFIED-FULLTEXT x2,UNIT 6e20 differs from 2019/2023 papers
Aslam2021,Sec. 4.4,2015,electron+positron,K_par0,31.38,6x10^20 cm^2 s^-1,VERIFIED-FULLTEXT x2,UNIT 6e20 differs from 2019/2023 papers
Aslam2021,Sec. 4.4,2006-07..2009-12,electron+positron,c2_par,2.25,,VERIFIED-FULLTEXT x2,
Aslam2021,Sec. 4.4,2006-07..2009-12,electron+positron,c2_perp,1.688,,VERIFIED-FULLTEXT x2,
Aslam2021,Sec. 4.4,2011-2015 start,electron+positron,c2_par,1.98,,VERIFIED-FULLTEXT x2,
Aslam2021,Sec. 4.4,2013,electron+positron,c2_par,1.75,,VERIFIED-FULLTEXT x2,
Aslam2021,Sec. 4.4,2015-12,electron+positron,c2_par,1.88,,VERIFIED-FULLTEXT x2,
Aslam2021,Sec. 4.4,2011-2015 start,electron+positron,c2_perp,1.287,,VERIFIED-FULLTEXT x2,
Aslam2021,Sec. 4.4,2013,electron+positron,c2_perp,1.103,,VERIFIED-FULLTEXT x2,
Aslam2021,Sec. 4.4,2015-12,electron+positron,c2_perp,1.147,,VERIFIED-FULLTEXT x2,
Aslam2021,Sec. 4.3,2006-07..2010-06,electron+positron,K_A0,0.90,,VERIFIED-FULLTEXT x2,
Aslam2021,Sec. 4.3,2006-07..2010-06,electron+positron,P_A0,0.90,GV,VERIFIED-FULLTEXT x2,
Aslam2021,Sec. 4.3,2012-11..2014-03,electron+positron,K_A0,0.0,,VERIFIED-FULLTEXT x2,
Aslam2021,Sec. 4.3,2015-12,electron+positron,K_A0,0.65,,VERIFIED-FULLTEXT x2,
Aslam2023,Sec. 6.4,2011-05 (BR2426),proton,K_par0,49.0,10^22 cm^2 s^-1,VERIFIED-FULLTEXT x3,
Aslam2023,Sec. 6.4,end of reversal,proton,K_par0,26.49,10^22 cm^2 s^-1,VERIFIED-FULLTEXT x3,
Aslam2023,Sec. 6.4,2015-05,proton,K_par0,30.52,10^22 cm^2 s^-1,VERIFIED-FULLTEXT x3,
Aslam2023,Sec. 6.4,2011-05,electron,K_par0,29.84,10^22 cm^2 s^-1,VERIFIED-FULLTEXT x3,
Aslam2023,Sec. 6.4,2014-03/04,electron,K_par0,21.09,10^22 cm^2 s^-1,VERIFIED-FULLTEXT x3,
Aslam2023,Sec. 6.4,2015-05,electron,K_par0,25.21,10^22 cm^2 s^-1,VERIFIED-FULLTEXT x3,
Aslam2023,Sec. 6.4,2011,proton,c2_par,1.53,,VERIFIED-FULLTEXT x3,
Aslam2023,Sec. 6.4,2011,electron,c2_par,1.98,,VERIFIED-FULLTEXT x3,
Aslam2023,Sec. 6.4,2015-05,proton,c2_par,1.90,,VERIFIED-FULLTEXT x3,
Aslam2023,Sec. 6.4,2015-05,electron,c2_par,1.95,,VERIFIED-FULLTEXT x3,
Aslam2023,Sec. 6.4,before reversal,proton,c1,~0.80,,VERIFIED-FULLTEXT x3,
Aslam2023,Sec. 6.4,end of reversal,proton,c1,~1.10,,VERIFIED-FULLTEXT x3,
Aslam2023,Sec. 6.4,BR2480,proton,c1,1.19,,VERIFIED-FULLTEXT x3,
Aslam2023,Sec. 6.4,all,electron,c1,0,,VERIFIED-FULLTEXT x3,
Aslam2023,Sec. 6.4,all,proton,P_k,2.50 to 4.0,GV,VERIFIED-FULLTEXT x3,range as printed
Aslam2023,Sec. 6.4 / Sec. 7,all,electron,P_k,0.50-0.60 (Sec. 6.4); 0.4 (Sec. 7),GV,VERIFIED-FULLTEXT x3,internal inconsistency in source
Aslam2023,Sec. 6.4,BR2426,proton+electron,K_A0,0.75,,VERIFIED-FULLTEXT x3,
Aslam2023,Sec. 6.4,BR2480,proton+electron,K_A0,0.38,,VERIFIED-FULLTEXT x3,
Aslam2023,Sec. 6.4,all,proton+electron,P_A0,0.90,GV,VERIFIED-FULLTEXT x3,
Corti2019,Table 2 (A<0),BR2426,proton,alpha_tilt,51.20,deg,VERIFIED-FULLTEXT x2,partial table: only these rows transcribed
Corti2019,Table 2 (A<0),BR2426,proton,B0,4.85,nT,VERIFIED-FULLTEXT x2,partial table: only these rows transcribed
Corti2019,Table 2 (A<0),BR2426,proton,k_par0,110,6x10^20 cm^2 s^-1,VERIFIED-FULLTEXT x2,partial table: only these rows transcribed
Corti2019,Table 2 (A<0),BR2426,proton,lambda_perp_1GV,0.009,AU (Table 2 footnote e),VERIFIED-FULLTEXT x2,partial table: only these rows transcribed
Corti2019,Table 2 (A<0),BR2426,proton,lambda_perp_5GV,0.034,AU (Table 2 footnote e),VERIFIED-FULLTEXT x2,partial table: only these rows transcribed
Corti2019,Table 2 (A<0),BR2426,proton,a_par,0.8,,VERIFIED-FULLTEXT x2,partial table: only these rows transcribed
Corti2019,Table 2 (A<0),BR2426,proton,b_par,1.7,,VERIFIED-FULLTEXT x2,partial table: only these rows transcribed
Corti2019,Table 2 (A<0),BR2426,proton,a_perp,0.8,,VERIFIED-FULLTEXT x2,partial table: only these rows transcribed
Corti2019,Table 2 (A<0),BR2426,proton,b_perp,0.8,,VERIFIED-FULLTEXT x2,partial table: only these rows transcribed
Corti2019,Table 2 (A<0),BR2427,proton,alpha_tilt,53.55,deg,VERIFIED-FULLTEXT x2,partial table: only these rows transcribed
Corti2019,Table 2 (A<0),BR2427,proton,B0,4.87,nT,VERIFIED-FULLTEXT x2,partial table: only these rows transcribed
Corti2019,Table 2 (A<0),BR2427,proton,k_par0,110,6x10^20 cm^2 s^-1,VERIFIED-FULLTEXT x2,partial table: only these rows transcribed
Corti2019,Table 2 (A<0),BR2427,proton,lambda_perp_1GV,0.006,AU (Table 2 footnote e),VERIFIED-FULLTEXT x2,partial table: only these rows transcribed
Corti2019,Table 2 (A<0),BR2427,proton,lambda_perp_5GV,0.032,AU (Table 2 footnote e),VERIFIED-FULLTEXT x2,partial table: only these rows transcribed
Corti2019,Table 2 (A<0),BR2427,proton,a_par,<=0.3,,VERIFIED-FULLTEXT x2,partial table: only these rows transcribed; symbol marks a best fit at the lower (<=) or upper (>=) edge of the grid (table note); glyph normalized
Corti2019,Table 2 (A<0),BR2427,proton,b_par,1.7,,VERIFIED-FULLTEXT x2,partial table: only these rows transcribed
Corti2019,Table 2 (A<0),BR2427,proton,a_perp,1.1,,VERIFIED-FULLTEXT x2,partial table: only these rows transcribed
Corti2019,Table 2 (A<0),BR2427,proton,b_perp,0.8,,VERIFIED-FULLTEXT x2,partial table: only these rows transcribed
Corti2019,Table 2 (A<0),BR2428,proton,alpha_tilt,55.33,deg,VERIFIED-FULLTEXT x2,partial table: only these rows transcribed
Corti2019,Table 2 (A<0),BR2428,proton,B0,4.93,nT,VERIFIED-FULLTEXT x2,partial table: only these rows transcribed
Corti2019,Table 2 (A<0),BR2428,proton,k_par0,110,6x10^20 cm^2 s^-1,VERIFIED-FULLTEXT x2,partial table: only these rows transcribed
Corti2019,Table 2 (A<0),BR2428,proton,lambda_perp_1GV,0.009,AU (Table 2 footnote e),VERIFIED-FULLTEXT x2,partial table: only these rows transcribed
Corti2019,Table 2 (A<0),BR2428,proton,lambda_perp_5GV,0.034,AU (Table 2 footnote e),VERIFIED-FULLTEXT x2,partial table: only these rows transcribed
Corti2019,Table 2 (A<0),BR2428,proton,a_par,1.1,,VERIFIED-FULLTEXT x2,partial table: only these rows transcribed
Corti2019,Table 2 (A<0),BR2428,proton,b_par,2,,VERIFIED-FULLTEXT x2,partial table: only these rows transcribed
Corti2019,Table 2 (A<0),BR2428,proton,a_perp,0.8,,VERIFIED-FULLTEXT x2,partial table: only these rows transcribed
Corti2019,Table 2 (A<0),BR2428,proton,b_perp,0.8,,VERIFIED-FULLTEXT x2,partial table: only these rows transcribed
Corti2019,Table 2 (A<0),BR2430,proton,alpha_tilt,58.67,deg,VERIFIED-FULLTEXT x1,partial table: only these rows transcribed
Corti2019,Table 2 (A<0),BR2430,proton,B0,5.05,nT,VERIFIED-FULLTEXT x1,partial table: only these rows transcribed
Corti2019,Table 2 (A<0),BR2430,proton,k_par0,130,6x10^20 cm^2 s^-1,VERIFIED-FULLTEXT x1,partial table: only these rows transcribed
Corti2019,Table 2 (A<0),BR2430,proton,lambda_perp_1GV,0.011,AU (Table 2 footnote e),VERIFIED-FULLTEXT x1,partial table: only these rows transcribed
Corti2019,Table 2 (A<0),BR2430,proton,lambda_perp_5GV,0.039,AU (Table 2 footnote e),VERIFIED-FULLTEXT x1,partial table: only these rows transcribed
Corti2019,Table 2 (A<0),BR2430,proton,a_par,>=1.8,,VERIFIED-FULLTEXT x1,partial table: only these rows transcribed; symbol marks a best fit at the lower (<=) or upper (>=) edge of the grid (table note); glyph normalized
Corti2019,Table 2 (A<0),BR2430,proton,b_par,1.4,,VERIFIED-FULLTEXT x1,partial table: only these rows transcribed
Corti2019,Table 2 (A<0),BR2430,proton,a_perp,0.8,,VERIFIED-FULLTEXT x1,partial table: only these rows transcribed
Corti2019,Table 2 (A<0),BR2430,proton,b_perp,0.8,,VERIFIED-FULLTEXT x1,partial table: only these rows transcribed
Corti2019,Table 2 (A<0),BR2433,proton,alpha_tilt,63.64,deg,VERIFIED-FULLTEXT x1,partial table: only these rows transcribed
Corti2019,Table 2 (A<0),BR2433,proton,B0,5.14,nT,VERIFIED-FULLTEXT x1,partial table: only these rows transcribed
Corti2019,Table 2 (A<0),BR2433,proton,k_par0,130,6x10^20 cm^2 s^-1,VERIFIED-FULLTEXT x1,partial table: only these rows transcribed
Corti2019,Table 2 (A<0),BR2433,proton,lambda_perp_1GV,0.007,AU (Table 2 footnote e),VERIFIED-FULLTEXT x1,partial table: only these rows transcribed
Corti2019,Table 2 (A<0),BR2433,proton,lambda_perp_5GV,0.035,AU (Table 2 footnote e),VERIFIED-FULLTEXT x1,partial table: only these rows transcribed
Corti2019,Table 2 (A<0),BR2433,proton,a_par,0.5,,VERIFIED-FULLTEXT x1,partial table: only these rows transcribed
Corti2019,Table 2 (A<0),BR2433,proton,b_par,1.7,,VERIFIED-FULLTEXT x1,partial table: only these rows transcribed
Corti2019,Table 2 (A<0),BR2433,proton,a_perp,1.1,,VERIFIED-FULLTEXT x1,partial table: only these rows transcribed
Corti2019,Table 2 (A<0),BR2433,proton,b_perp,0.8,,VERIFIED-FULLTEXT x1,partial table: only these rows transcribed
Corti2019,Table 2 (A<0),BR2437,proton,alpha_tilt,66.29,deg,VERIFIED-FULLTEXT x1,partial table: only these rows transcribed
Corti2019,Table 2 (A<0),BR2437,proton,B0,5.40,nT,VERIFIED-FULLTEXT x1,partial table: only these rows transcribed
Corti2019,Table 2 (A<0),BR2437,proton,k_par0,110,6x10^20 cm^2 s^-1,VERIFIED-FULLTEXT x1,partial table: only these rows transcribed
Corti2019,Table 2 (A<0),BR2437,proton,lambda_perp_1GV,0.008,AU (Table 2 footnote e),VERIFIED-FULLTEXT x1,partial table: only these rows transcribed
Corti2019,Table 2 (A<0),BR2437,proton,lambda_perp_5GV,0.031,AU (Table 2 footnote e),VERIFIED-FULLTEXT x1,partial table: only these rows transcribed
Corti2019,Table 2 (A<0),BR2437,proton,a_par,1.7,,VERIFIED-FULLTEXT x1,partial table: only these rows transcribed
Corti2019,Table 2 (A<0),BR2437,proton,b_par,1.7,,VERIFIED-FULLTEXT x1,partial table: only these rows transcribed
Corti2019,Table 2 (A<0),BR2437,proton,a_perp,0.8,,VERIFIED-FULLTEXT x1,partial table: only these rows transcribed
Corti2019,Table 2 (A<0),BR2437,proton,b_perp,0.8,,VERIFIED-FULLTEXT x1,partial table: only these rows transcribed
Corti2019,Table 2 (A<0),BR2440,proton,alpha_tilt,67.54,deg,VERIFIED-FULLTEXT x1,partial table: only these rows transcribed
Corti2019,Table 2 (A<0),BR2440,proton,B0,5.45,nT,VERIFIED-FULLTEXT x1,partial table: only these rows transcribed
Corti2019,Table 2 (A<0),BR2440,proton,k_par0,130,6x10^20 cm^2 s^-1,VERIFIED-FULLTEXT x1,partial table: only these rows transcribed
Corti2019,Table 2 (A<0),BR2440,proton,lambda_perp_1GV,0.006,AU (Table 2 footnote e),VERIFIED-FULLTEXT x1,partial table: only these rows transcribed
Corti2019,Table 2 (A<0),BR2440,proton,lambda_perp_5GV,0.033,AU (Table 2 footnote e),VERIFIED-FULLTEXT x1,partial table: only these rows transcribed
Corti2019,Table 2 (A<0),BR2440,proton,a_par,1.1,,VERIFIED-FULLTEXT x1,partial table: only these rows transcribed
Corti2019,Table 2 (A<0),BR2440,proton,b_par,1.4,,VERIFIED-FULLTEXT x1,partial table: only these rows transcribed
Corti2019,Table 2 (A<0),BR2440,proton,a_perp,1.1,,VERIFIED-FULLTEXT x1,partial table: only these rows transcribed
Corti2019,Table 2 (A<0),BR2440,proton,b_perp,0.8,,VERIFIED-FULLTEXT x1,partial table: only these rows transcribed
Corti2019,Table 2 (A<0),BR2445,proton,alpha_tilt,69.39,deg,VERIFIED-FULLTEXT x1,partial table: only these rows transcribed
Corti2019,Table 2 (A<0),BR2445,proton,B0,5.54,nT,VERIFIED-FULLTEXT x1,partial table: only these rows transcribed
Corti2019,Table 2 (A<0),BR2445,proton,k_par0,110,6x10^20 cm^2 s^-1,VERIFIED-FULLTEXT x1,partial table: only these rows transcribed
Corti2019,Table 2 (A<0),BR2445,proton,lambda_perp_1GV,0.008,AU (Table 2 footnote e),VERIFIED-FULLTEXT x1,partial table: only these rows transcribed
Corti2019,Table 2 (A<0),BR2445,proton,lambda_perp_5GV,0.03,AU (Table 2 footnote e),VERIFIED-FULLTEXT x1,partial table: only these rows transcribed
Corti2019,Table 2 (A<0),BR2445,proton,a_par,>=1.9,,VERIFIED-FULLTEXT x1,partial table: only these rows transcribed; symbol marks a best fit at the lower (<=) or upper (>=) edge of the grid (table note); glyph normalized
Corti2019,Table 2 (A<0),BR2445,proton,b_par,>=2.1,,VERIFIED-FULLTEXT x1,partial table: only these rows transcribed; symbol marks a best fit at the lower (<=) or upper (>=) edge of the grid (table note); glyph normalized
Corti2019,Table 2 (A<0),BR2445,proton,a_perp,0.8,,VERIFIED-FULLTEXT x1,partial table: only these rows transcribed
Corti2019,Table 2 (A<0),BR2445,proton,b_perp,0.8,,VERIFIED-FULLTEXT x1,partial table: only these rows transcribed
Corti2019,Table 3 (A>0),BR2446,proton,alpha_tilt,68.95,deg,VERIFIED-FULLTEXT x1,partial table: full Table 3 not obtained
Corti2019,Table 3 (A>0),BR2446,proton,B0,5.52,nT,VERIFIED-FULLTEXT x1,partial table: full Table 3 not obtained
Corti2019,Table 3 (A>0),BR2446,proton,k_par0,110,6x10^20 cm^2 s^-1,VERIFIED-FULLTEXT x1,partial table: full Table 3 not obtained
Corti2019,Table 3 (A>0),BR2446,proton,lambda_perp_1GV,0.005,AU (Table 2 footnote e),VERIFIED-FULLTEXT x1,partial table: full Table 3 not obtained
Corti2019,Table 3 (A>0),BR2446,proton,lambda_perp_5GV,0.028,AU (Table 2 footnote e),VERIFIED-FULLTEXT x1,partial table: full Table 3 not obtained
Corti2019,Table 3 (A>0),BR2446,proton,a_par,1.7,,VERIFIED-FULLTEXT x1,partial table: full Table 3 not obtained
Corti2019,Table 3 (A>0),BR2446,proton,b_par,>=2.1,,VERIFIED-FULLTEXT x1,partial table: full Table 3 not obtained; symbol marks a best fit at the lower (<=) or upper (>=) edge of the grid (table note); glyph normalized
Corti2019,Table 3 (A>0),BR2446,proton,a_perp,1.1,,VERIFIED-FULLTEXT x1,partial table: full Table 3 not obtained
Corti2019,Table 3 (A>0),BR2446,proton,b_perp,0.8,,VERIFIED-FULLTEXT x1,partial table: full Table 3 not obtained
Corti2019,Table 3 (A>0),BR2469,proton,alpha_tilt,62.32,deg,VERIFIED-FULLTEXT x1,partial table: full Table 3 not obtained
Corti2019,Table 3 (A>0),BR2469,proton,B0,5.20,nT,VERIFIED-FULLTEXT x1,partial table: full Table 3 not obtained
Corti2019,Table 3 (A>0),BR2469,proton,k_par0,130,6x10^20 cm^2 s^-1,VERIFIED-FULLTEXT x1,partial table: full Table 3 not obtained
Corti2019,Table 3 (A>0),BR2469,proton,lambda_perp_1GV,0.003,AU (Table 2 footnote e),VERIFIED-FULLTEXT x1,partial table: full Table 3 not obtained
Corti2019,Table 3 (A>0),BR2469,proton,lambda_perp_5GV,0.03,AU (Table 2 footnote e),VERIFIED-FULLTEXT x1,partial table: full Table 3 not obtained
Corti2019,Table 3 (A>0),BR2469,proton,a_par,1.7,,VERIFIED-FULLTEXT x1,partial table: full Table 3 not obtained
Corti2019,Table 3 (A>0),BR2469,proton,b_par,1.4,,VERIFIED-FULLTEXT x1,partial table: full Table 3 not obtained
Corti2019,Table 3 (A>0),BR2469,proton,a_perp,1.7,,VERIFIED-FULLTEXT x1,partial table: full Table 3 not obtained
Corti2019,Table 3 (A>0),BR2469,proton,b_perp,0.8,,VERIFIED-FULLTEXT x1,partial table: full Table 3 not obtained
Corti2019,Sec. 3 text,all,proton,R_k,4.3,GV,VERIFIED-FULLTEXT x2,
Corti2019,Sec. 3 text,all,proton,s,2.2,,VERIFIED-FULLTEXT x2,
Corti2019,Sec. 3 text,all,proton,k0_perp_r,0.02,,VERIFIED-FULLTEXT x2,
Corti2019,Sec. 3 text,all,proton,k0_perp_theta,0.01,,VERIFIED-FULLTEXT x2,
Corti2019,Sec. 3 text,all,proton,R_A,0.55,GV,VERIFIED-FULLTEXT x2,
Corti2019,Sec. 3 text,all,proton,k_A0,1,,VERIFIED-FULLTEXT x2,
Luo2019,Table 1,Fd 2011.77,proton,a,1.5,,VERIFIED-FULLTEXT x2,Eq. 14 exponent placement not legible
Luo2019,Table 1,Fd 2011.77,proton,b,1.6,,VERIFIED-FULLTEXT x2,Eq. 14 exponent placement not legible
Luo2019,Table 1,Fd 2011.77,proton,c,0.95,,VERIFIED-FULLTEXT x2,Eq. 14 exponent placement not legible
Luo2019,Table 1,Fd 2011.77,proton,kappa0_par,1300,10^20 cm^2 s^-1,VERIFIED-FULLTEXT x2,Eq. 14 exponent placement not legible
Luo2019,Table 1,Fd 2011.77,proton,kappa0_perp_theta,18,10^20 cm^2 s^-1,VERIFIED-FULLTEXT x2,Eq. 14 exponent placement not legible
Luo2019,Table 1,Fd 2011.77,proton,kappa0_perp_r,16,10^20 cm^2 s^-1,VERIFIED-FULLTEXT x2,Eq. 14 exponent placement not legible
Luo2019,Table 1,Fd 2012.22,proton,a,1.3,,VERIFIED-FULLTEXT x2,Eq. 14 exponent placement not legible
Luo2019,Table 1,Fd 2012.22,proton,b,1.5,,VERIFIED-FULLTEXT x2,Eq. 14 exponent placement not legible
Luo2019,Table 1,Fd 2012.22,proton,c,1.0,,VERIFIED-FULLTEXT x2,Eq. 14 exponent placement not legible
Luo2019,Table 1,Fd 2012.22,proton,kappa0_par,1105,10^20 cm^2 s^-1,VERIFIED-FULLTEXT x2,Eq. 14 exponent placement not legible
Luo2019,Table 1,Fd 2012.22,proton,kappa0_perp_theta,22.1,10^20 cm^2 s^-1,VERIFIED-FULLTEXT x2,Eq. 14 exponent placement not legible
Luo2019,Table 1,Fd 2012.22,proton,kappa0_perp_r,13.8,10^20 cm^2 s^-1,VERIFIED-FULLTEXT x2,Eq. 14 exponent placement not legible
Luo2019,Table 1,GMIR 2012.6,proton,a,1.8,,VERIFIED-FULLTEXT x2,Eq. 14 exponent placement not legible
Luo2019,Table 1,GMIR 2012.6,proton,b,2.0,,VERIFIED-FULLTEXT x2,Eq. 14 exponent placement not legible
Luo2019,Table 1,GMIR 2012.6,proton,c,1.0,,VERIFIED-FULLTEXT x2,Eq. 14 exponent placement not legible
Luo2019,Table 1,GMIR 2012.6,proton,kappa0_par,1615,10^20 cm^2 s^-1,VERIFIED-FULLTEXT x2,Eq. 14 exponent placement not legible
Luo2019,Table 1,GMIR 2012.6,proton,kappa0_perp_theta,32.3,10^20 cm^2 s^-1,VERIFIED-FULLTEXT x2,Eq. 14 exponent placement not legible
Luo2019,Table 1,GMIR 2012.6,proton,kappa0_perp_r,20.1,10^20 cm^2 s^-1,VERIFIED-FULLTEXT x2,Eq. 14 exponent placement not legible
Luo2019,Table 1,GMIR 2012.67,proton,a,1.5,,VERIFIED-FULLTEXT x2,Eq. 14 exponent placement not legible
Luo2019,Table 1,GMIR 2012.67,proton,b,1.7,,VERIFIED-FULLTEXT x2,Eq. 14 exponent placement not legible
Luo2019,Table 1,GMIR 2012.67,proton,c,1.0,,VERIFIED-FULLTEXT x2,Eq. 14 exponent placement not legible
Luo2019,Table 1,GMIR 2012.67,proton,kappa0_par,1325,10^20 cm^2 s^-1,VERIFIED-FULLTEXT x2,Eq. 14 exponent placement not legible
Luo2019,Table 1,GMIR 2012.67,proton,kappa0_perp_theta,26.5,10^20 cm^2 s^-1,VERIFIED-FULLTEXT x2,Eq. 14 exponent placement not legible
Luo2019,Table 1,GMIR 2012.67,proton,kappa0_perp_r,16.5,10^20 cm^2 s^-1,VERIFIED-FULLTEXT x2,Eq. 14 exponent placement not legible
Luo2019,Table 1,GMIR 2012.74,proton,a,1.5,,VERIFIED-FULLTEXT x2,Eq. 14 exponent placement not legible
Luo2019,Table 1,GMIR 2012.74,proton,b,1.7,,VERIFIED-FULLTEXT x2,Eq. 14 exponent placement not legible
Luo2019,Table 1,GMIR 2012.74,proton,c,1.0,,VERIFIED-FULLTEXT x2,Eq. 14 exponent placement not legible
Luo2019,Table 1,GMIR 2012.74,proton,kappa0_par,1285,10^20 cm^2 s^-1,VERIFIED-FULLTEXT x2,Eq. 14 exponent placement not legible
Luo2019,Table 1,GMIR 2012.74,proton,kappa0_perp_theta,25.7,10^20 cm^2 s^-1,VERIFIED-FULLTEXT x2,Eq. 14 exponent placement not legible
Luo2019,Table 1,GMIR 2012.74,proton,kappa0_perp_r,16.0,10^20 cm^2 s^-1,VERIFIED-FULLTEXT x2,Eq. 14 exponent placement not legible
Luo2019,Table 1,GMIR 2012.82,proton,a,1.9,,VERIFIED-FULLTEXT x2,Eq. 14 exponent placement not legible
Luo2019,Table 1,GMIR 2012.82,proton,b,2.1,,VERIFIED-FULLTEXT x2,Eq. 14 exponent placement not legible
Luo2019,Table 1,GMIR 2012.82,proton,c,1.0,,VERIFIED-FULLTEXT x2,Eq. 14 exponent placement not legible
Luo2019,Table 1,GMIR 2012.82,proton,kappa0_par,1365,10^20 cm^2 s^-1,VERIFIED-FULLTEXT x2,Eq. 14 exponent placement not legible
Luo2019,Table 1,GMIR 2012.82,proton,kappa0_perp_theta,27.3,10^20 cm^2 s^-1,VERIFIED-FULLTEXT x2,Eq. 14 exponent placement not legible
Luo2019,Table 1,GMIR 2012.82,proton,kappa0_perp_r,17.0,10^20 cm^2 s^-1,VERIFIED-FULLTEXT x2,Eq. 14 exponent placement not legible
Luo2019,Table 1,GMIR 2012.89,proton,a,1.8,,VERIFIED-FULLTEXT x2,Eq. 14 exponent placement not legible
Luo2019,Table 1,GMIR 2012.89,proton,b,2.0,,VERIFIED-FULLTEXT x2,Eq. 14 exponent placement not legible
Luo2019,Table 1,GMIR 2012.89,proton,c,1.0,,VERIFIED-FULLTEXT x2,Eq. 14 exponent placement not legible
Luo2019,Table 1,GMIR 2012.89,proton,kappa0_par,1370,10^20 cm^2 s^-1,VERIFIED-FULLTEXT x2,Eq. 14 exponent placement not legible
Luo2019,Table 1,GMIR 2012.89,proton,kappa0_perp_theta,27.4,10^20 cm^2 s^-1,VERIFIED-FULLTEXT x2,Eq. 14 exponent placement not legible
Luo2019,Table 1,GMIR 2012.89,proton,kappa0_perp_r,17.1,10^20 cm^2 s^-1,VERIFIED-FULLTEXT x2,Eq. 14 exponent placement not legible
Luo2019,Table 1 note,all,proton,P_k,4.3,GV,VERIFIED-FULLTEXT x2,
Luo2019,Table 1 note,all,proton,a_perp,0.8,,VERIFIED-FULLTEXT x2,
Luo2019,Table 1 note,all,proton,b_perp,1.0,,VERIFIED-FULLTEXT x2,
Luo2019,Table 1 note,all,proton,c_perp,2.2,,VERIFIED-FULLTEXT x2,
