source,location,event,observer,r_au,species,energy_label,energy_MeV,rigidity_MV,quantity,value_au,extra_name,extra_value,verification,flag
Pacheco2019,Table3+Table2,1976-03-21,Helios,0.36,electron,0.3-0.8 MeV nominal,,,lambda_r,0.040,lambda_par_over_L|injection,0.22|Short,VERIFIED-FULLTEXT x2,
Pacheco2019,Table3+Table2,1978-01-01,Helios,0.94,electron,0.3-0.8 MeV nominal,,,lambda_r,0.106,lambda_par_over_L|injection,0.24|Extended,VERIFIED-FULLTEXT x2,
Pacheco2019,Table3+Table2,1978-12-11,Helios 2,0.73,electron,0.3-0.8 MeV nominal,,,lambda_r,0.100,lambda_par_over_L|injection,0.29|Extended,VERIFIED-FULLTEXT x2,
Pacheco2019,Table3+Table2,1980-04-05,Helios,0.85,electron,0.3-0.8 MeV nominal,,,lambda_r,0.060,lambda_par_over_L|injection,0.15|Short,VERIFIED-FULLTEXT x2,
Pacheco2019,Table3+Table2,1980-04-26,Helios,0.66,electron,0.3-0.8 MeV nominal,,,lambda_r,0.080,lambda_par_over_L|injection,0.28|Short,VERIFIED-FULLTEXT x2,
Pacheco2019,Table3+Table2,1980-05-03,Helios,0.58,electron,0.3-0.8 MeV nominal,,,lambda_r,0.080,lambda_par_over_L|injection,0.28|Extended,VERIFIED-FULLTEXT x2,
Pacheco2019,Table3+Table2,1980-05-12,Helios,0.46,electron,0.3-0.8 MeV nominal,,,lambda_r,0.120,lambda_par_over_L|injection,0.53|Extended,VERIFIED-FULLTEXT x2,
Pacheco2019,Table3+Table2,1980-05-28a,Helios,0.31,electron,0.3-0.8 MeV nominal,,,lambda_r,0.270,lambda_par_over_L|injection,1.75|Extended,VERIFIED-FULLTEXT x2,
Pacheco2019,Table3+Table2,1980-05-28b,Helios,0.31,electron,0.3-0.8 MeV nominal,,,lambda_r,0.160,lambda_par_over_L|injection,1.04|Extended,VERIFIED-FULLTEXT x2,
Pacheco2019,Table3+Table2,1980-05-28c,Helios,0.31,electron,0.3-0.8 MeV nominal,,,lambda_r,0.207,lambda_par_over_L|injection,1.34|Extended,VERIFIED-FULLTEXT x2,
Pacheco2019,Table3+Table2,1980-05-28d,Helios,0.31,electron,0.3-0.8 MeV nominal,,,lambda_r,0.270,lambda_par_over_L|injection,1.75|Extended,VERIFIED-FULLTEXT x2,
Pacheco2019,Table3+Table2,1981-01-14,Helios,0.73,electron,0.3-0.8 MeV nominal,,,lambda_r,0.090,lambda_par_over_L|injection,0.26|Short,VERIFIED-FULLTEXT x2,
Pacheco2019,Table3+Table2,1981-05-08,Helios,0.69,electron,0.3-0.8 MeV nominal,,,lambda_r,0.070,lambda_par_over_L|injection,0.21|Extended,VERIFIED-FULLTEXT x2,
Pacheco2019,Table3+Table2,1981-06-10,Helios,0.32,electron,0.3-0.8 MeV nominal,,,lambda_r,0.080,lambda_par_over_L|injection,0.50|Extended,VERIFIED-FULLTEXT x2,
Pacheco2019,Table3+Table2,1982-06-02,Helios,0.59,electron,0.3-0.8 MeV nominal,,,lambda_r,0.020,lambda_par_over_L|injection,0.07|Short,VERIFIED-FULLTEXT x2,
Pacheco2019,Table4 (Kallenrode et al. 1992a),1980-04-26,Helios,,electron,,,,lambda_r,0.15,,,SECONDARY via Pacheco2019 Table4,
Pacheco2019,Table4 (Kallenrode et al. 1992a),1980-05-03,Helios,,electron,,,,lambda_r,0.05,,,SECONDARY via Pacheco2019 Table4,
Pacheco2019,Table4 (Kallenrode et al. 1992a),1980-05-12,Helios,,electron,,,,lambda_r,0.10,,,SECONDARY via Pacheco2019 Table4,
Pacheco2019,Table4 (Kallenrode et al. 1992a),1981-06-10,Helios,,electron,,,,lambda_r,0.05,,,SECONDARY via Pacheco2019 Table4,
Pacheco2019,Table4 (Kallenrode et al. 1992a),1982-06-02,Helios,,electron,,,,lambda_r,0.02,,,SECONDARY via Pacheco2019 Table4,
Pacheco2019,Table4 (Kallenrode 1993),1980-04-26,Helios,,electron,,,,lambda_r,0.15,,,"SECONDARY via Pacheco2019 Table4 (A&A table page, independent re-reading)",
Pacheco2019,Table4 (Kallenrode 1993),1980-05-03,Helios,,electron,,,,lambda_r,0.06,,,"SECONDARY via Pacheco2019 Table4 (A&A table page, independent re-reading)",
Pacheco2019,Table4 (Kallenrode 1993),1980-05-12,Helios,,electron,,,,lambda_r,0.15,,,"SECONDARY via Pacheco2019 Table4 (A&A table page, independent re-reading)",
Pacheco2019,Table4 (Kallenrode 1993),1981-01-14,Helios,,electron,,,,lambda_r,0.10,,,SECONDARY via Pacheco2019 Table4,
Pacheco2019,Table4 (Kallenrode 1993),1981-05-08,Helios,,electron,,,,lambda_r,0.20,,,SECONDARY via Pacheco2019 Table4,
Pacheco2019,Table4 (Agueda & Lario 2016),1980-05-28a,Helios 1,0.31,electron,,,,lambda_r,0.26,,,SECONDARY via Pacheco2019 Table4,
Pacheco2019,Table4 (Agueda & Lario 2016),1980-05-28b,Helios 1,0.31,electron,,,,lambda_r,0.14,,,SECONDARY via Pacheco2019 Table4,
Pacheco2019,Table4 (Agueda & Lario 2016),1980-05-28c,Helios 1,0.31,electron,,,,lambda_r,0.18,,,SECONDARY via Pacheco2019 Table4,
Pacheco2019,Table4 (Agueda & Lario 2016),1980-05-28d,Helios 1,0.31,electron,,,,lambda_r,0.20,,,SECONDARY via Pacheco2019 Table4,
Agueda2014,Table3,1999-06-11,ACE/EPAM,,electron,175-312 keV,,,lambda_r,0.16,group|gamma,I|2.5,VERIFIED-FULLTEXT x2,
Agueda2014,Table3,1999-06-11,ACE/EPAM,,electron,102-175 keV,,,lambda_r,0.16,group|gamma,I|2.5,VERIFIED-FULLTEXT x2,
Agueda2014,Table3,1999-06-11,ACE/EPAM,,electron,62-102 keV,,,lambda_r,0.16,group|gamma,I|2.5,VERIFIED-FULLTEXT x2,
Agueda2014,Table3,1999-06-11,ACE/EPAM,,electron,Total,,,lambda_r,0.16,group|gamma,I|2.5,VERIFIED-FULLTEXT x2,
Agueda2014,Table3,1999-06-11,Wind/3DP,,electron,135-230 keV,,,lambda_r,0.14,group|gamma,I|2.5,VERIFIED-FULLTEXT x2,
Agueda2014,Table3,1999-06-11,Wind/3DP,,electron,82-135 keV,,,lambda_r,0.14,group|gamma,I|2.5,VERIFIED-FULLTEXT x2,
Agueda2014,Table3,1999-06-11,Wind/3DP,,electron,50-82 keV,,,lambda_r,0.16,group|gamma,I|2.5,VERIFIED-FULLTEXT x2,
Agueda2014,Table3,1999-06-11,Wind/3DP,,electron,Total,,,lambda_r,0.14,group|gamma,I|2.5,VERIFIED-FULLTEXT x2,
Agueda2014,Table3,2002-02-20,ACE/EPAM,,electron,175-312 keV,,,lambda_r,0.23,group|gamma,I|2.5,VERIFIED-FULLTEXT x2,
Agueda2014,Table3,2002-02-20,ACE/EPAM,,electron,102-175 keV,,,lambda_r,0.27,group|gamma,I|2.5,VERIFIED-FULLTEXT x2,
Agueda2014,Table3,2002-02-20,ACE/EPAM,,electron,62-102 keV,,,lambda_r,0.37,group|gamma,I|2.5,VERIFIED-FULLTEXT x2,
Agueda2014,Table3,2002-02-20,ACE/EPAM,,electron,Total,,,lambda_r,0.27,group|gamma,I|2.5,VERIFIED-FULLTEXT x2,
Agueda2014,Table3,2002-02-20,Wind/3DP,,electron,135-230 keV,,,lambda_r,0.16,group|gamma,I|2.5,VERIFIED-FULLTEXT x2,
Agueda2014,Table3,2002-02-20,Wind/3DP,,electron,82-135 keV,,,lambda_r,0.19,group|gamma,I|2.5,VERIFIED-FULLTEXT x2,
Agueda2014,Table3,2002-02-20,Wind/3DP,,electron,50-82 keV,,,lambda_r,0.23,group|gamma,I|2.5,VERIFIED-FULLTEXT x2,
Agueda2014,Table3,2002-02-20,Wind/3DP,,electron,Total,,,lambda_r,0.19,group|gamma,I|2.5,VERIFIED-FULLTEXT x2,
Agueda2014,Table3,2002-12-19,ACE/EPAM,,electron,175-312 keV,,,lambda_r,0.10,group|gamma,I|2.5,VERIFIED-FULLTEXT x2,
Agueda2014,Table3,2002-12-19,ACE/EPAM,,electron,102-175 keV,,,lambda_r,0.10,group|gamma,I|2.5,VERIFIED-FULLTEXT x2,
Agueda2014,Table3,2002-12-19,ACE/EPAM,,electron,62-102 keV,,,lambda_r,0.12,group|gamma,I|2.5,VERIFIED-FULLTEXT x2,
Agueda2014,Table3,2002-12-19,ACE/EPAM,,electron,Total,,,lambda_r,0.12,group|gamma,I|2.5,VERIFIED-FULLTEXT x2,
Agueda2014,Table3,2002-12-19,Wind/3DP,,electron,135-230 keV,,,lambda_r,0.10,group|gamma,I|2.5,VERIFIED-FULLTEXT x2,
Agueda2014,Table3,2002-12-19,Wind/3DP,,electron,82-135 keV,,,lambda_r,0.12,group|gamma,I|2.5,VERIFIED-FULLTEXT x2,
Agueda2014,Table3,2002-12-19,Wind/3DP,,electron,50-82 keV,,,lambda_r,0.14,group|gamma,I|2.5,VERIFIED-FULLTEXT x2,
Agueda2014,Table3,2002-12-19,Wind/3DP,,electron,Total,,,lambda_r,0.12,group|gamma,I|2.5,VERIFIED-FULLTEXT x2,
Agueda2014,Table3,2004-11-01,ACE/EPAM,,electron,175-312 keV,,,lambda_r,0.14,group|gamma,I|2.5,VERIFIED-FULLTEXT x2,Wind: long data gaps
Agueda2014,Table3,2004-11-01,ACE/EPAM,,electron,102-175 keV,,,lambda_r,0.19,group|gamma,I|2.5,VERIFIED-FULLTEXT x2,Wind: long data gaps
Agueda2014,Table3,2004-11-01,ACE/EPAM,,electron,62-102 keV,,,lambda_r,0.27,group|gamma,I|2.5,VERIFIED-FULLTEXT x2,Wind: long data gaps
Agueda2014,Table3,2004-11-01,ACE/EPAM,,electron,Total,,,lambda_r,0.23,group|gamma,I|2.5,VERIFIED-FULLTEXT x2,Wind: long data gaps
Agueda2014,Table3,2000-09-12,ACE/EPAM,,electron,175-312 keV,,,lambda_r,0.12,group|gamma,II|2.5,VERIFIED-FULLTEXT x2,Wind: long data gaps
Agueda2014,Table3,2000-09-12,ACE/EPAM,,electron,102-175 keV,,,lambda_r,0.14,group|gamma,II|2.5,VERIFIED-FULLTEXT x2,Wind: long data gaps
Agueda2014,Table3,2000-09-12,ACE/EPAM,,electron,62-102 keV,,,lambda_r,0.16,group|gamma,II|2.5,VERIFIED-FULLTEXT x2,Wind: long data gaps
Agueda2014,Table3,2000-09-12,ACE/EPAM,,electron,Total,,,lambda_r,0.14,group|gamma,II|2.5,VERIFIED-FULLTEXT x2,Wind: long data gaps
Agueda2014,Table3,2002-07-07,ACE/EPAM,,electron,175-312 keV,,,lambda_r,0.12,group|gamma,II|2.0,VERIFIED-FULLTEXT x2,Wind: long data gaps
Agueda2014,Table3,2002-07-07,ACE/EPAM,,electron,102-175 keV,,,lambda_r,0.14,group|gamma,II|2.0,VERIFIED-FULLTEXT x2,Wind: long data gaps
Agueda2014,Table3,2002-07-07,ACE/EPAM,,electron,62-102 keV,,,lambda_r,0.19,group|gamma,II|2.0,VERIFIED-FULLTEXT x2,Wind: long data gaps
Agueda2014,Table3,2002-07-07,ACE/EPAM,,electron,Total,,,lambda_r,0.14,group|gamma,II|2.0,VERIFIED-FULLTEXT x2,Wind: long data gaps
Agueda2014,Table3,2002-08-14,ACE/EPAM,,electron,175-312 keV,,,lambda_r,0.31,group|gamma,II|3.5,VERIFIED-FULLTEXT x2,Wind: long data gaps
Agueda2014,Table3,2002-08-14,ACE/EPAM,,electron,102-175 keV,,,lambda_r,0.44,group|gamma,II|3.5,VERIFIED-FULLTEXT x2,Wind: long data gaps
Agueda2014,Table3,2002-08-14,ACE/EPAM,,electron,62-102 keV,,,lambda_r,0.52,group|gamma,II|3.5,VERIFIED-FULLTEXT x2,Wind: long data gaps
Agueda2014,Table3,2002-08-14,ACE/EPAM,,electron,Total,,,lambda_r,0.44,group|gamma,II|3.5,VERIFIED-FULLTEXT x2,Wind: long data gaps
Lang2024,Table3,2022-01-20,Wind/3DP,,electron,0.04 MeV,0.04,,lambda_par,0.28,R2,0.97,VERIFIED-FULLTEXT x2,
Lang2024,Table3,2022-01-20,Wind/3DP,,electron,0.07 MeV,0.07,,lambda_par,0.08,R2,0.79,VERIFIED-FULLTEXT x2,R2 below stated 0.80 criterion
Lang2024,Table3,2022-01-20,Wind/3DP,,electron,0.11 MeV,0.11,,lambda_par,0.37,R2,0.86,VERIFIED-FULLTEXT x2,
Lang2024,Table3,2022-01-20,Wind/3DP,,electron,0.18 MeV,0.18,,lambda_par,0.23,R2,0.96,VERIFIED-FULLTEXT x2,
Lang2024,Table3,2022-01-20,Wind/3DP,,electron,0.31 MeV,0.31,,lambda_par,0.18,R2,0.96,VERIFIED-FULLTEXT x2,
Lang2024,Table3,2022-01-20,Wind/3DP,,electron,0.52 MeV,0.52,,lambda_par,0.36,R2,0.65,VERIFIED-FULLTEXT x2,R2 below stated 0.80 criterion
Lavasa2026,Table2,2021-10-28,STEREO-A,,electron,0.05 MeV,0.05,0.232,lambda_par,0.08,,,VERIFIED-FULLTEXT x2,
Lavasa2026,Table2,2021-10-28,STEREO-A,,electron,0.06 MeV,0.06,0.255,lambda_par,0.07,,,VERIFIED-FULLTEXT x2,
Lavasa2026,Table2,2021-10-28,STEREO-A,,electron,0.07 MeV,0.07,0.276,lambda_par,0.12,,,VERIFIED-FULLTEXT x2,
Lavasa2026,Table2,2021-10-28,STEREO-A,,electron,0.08 MeV,0.08,0.297,lambda_par,0.12,,,VERIFIED-FULLTEXT x2,
Lavasa2026,Table2,2021-10-28,STEREO-A,,electron,0.94 MeV (as printed),0.94,0.324,lambda_par,0.13,,,VERIFIED-FULLTEXT x2,PRINTED energy 0.94 inconsistent with neighbours and with printed rigidity 0.324 MV
Lavasa2026,Table2,2021-10-28,STEREO-A,,electron,0.115 MeV,0.115,0.361,lambda_par,0.14,,,VERIFIED-FULLTEXT x2,
Lavasa2026,Table2,2021-10-28,STEREO-A,,electron,0.135 MeV,0.135,0.395,lambda_par,0.15,,,VERIFIED-FULLTEXT x2,
Lavasa2026,Table2,2021-10-28,STEREO-A,,electron,0.155 MeV,0.155,0.427,lambda_par,0.17,,,VERIFIED-FULLTEXT x2,
Lavasa2026,Table2,2021-10-28,STEREO-A,,electron,0.179 MeV,0.179,0.463,lambda_par,0.14,,,VERIFIED-FULLTEXT x2,
Lavasa2026,Table2,2021-10-28,STEREO-A,,electron,0.210 MeV,0.210,0.508,lambda_par,0.14,,,VERIFIED-FULLTEXT x2,
Lavasa2026,Table2,2021-10-28,STEREO-A,,electron,0.240 MeV,0.240,0.550,lambda_par,0.16,,,VERIFIED-FULLTEXT x2,
Lavasa2026,Table2,2021-10-28,STEREO-A,,electron,0.274 MeV,0.274,0.595,lambda_par,0.14,,,VERIFIED-FULLTEXT x2,
Lavasa2026,Table2,2021-10-28,STEREO-A,,electron,0.314 MeV,0.314,0.647,lambda_par,0.13,,,VERIFIED-FULLTEXT x2,
Lavasa2026,Table2,2021-10-28,STEREO-A,,electron,0.354 MeV,0.354,0.697,lambda_par,0.14,,,VERIFIED-FULLTEXT x2,
Lavasa2026,Table2,2021-10-28,STEREO-A,,electron,0.399 MeV,0.399,0.752,lambda_par,0.13,,,VERIFIED-FULLTEXT x2,
Lavasa2026,Table2,2021-10-28,STEREO-A,,electron,1.0 MeV,1.0,1.42,lambda_par,0.12,,,VERIFIED-FULLTEXT x2,
Lavasa2026,Table2,2021-10-28,STEREO-A,,electron,2.0 MeV,2.0,2.46,lambda_par,0.12,,,VERIFIED-FULLTEXT x2,
Lavasa2026,Table2,2021-10-28,STEREO-A,,electron,3.3 MeV,3.3,3.78,lambda_par,0.15,,,VERIFIED-FULLTEXT x2,
Lavasa2026,Table2,2021-10-28,STEREO-A,,proton,14.3 MeV,14.3,164,lambda_par,0.26,,,VERIFIED-FULLTEXT x2,
Lavasa2026,Table2,2021-10-28,STEREO-A,,proton,16.0 MeV,16.0,174,lambda_par,0.29,,,VERIFIED-FULLTEXT x2,
Lavasa2026,Table2,2021-10-28,STEREO-A,,proton,18.1 MeV,18.1,185,lambda_par,0.30,,,VERIFIED-FULLTEXT x2,
Lavasa2026,Table2,2021-10-28,STEREO-A,,proton,22.2 MeV,22.2,205,lambda_par,0.35,,,VERIFIED-FULLTEXT x2,
Lavasa2026,Table2,2021-10-28,STEREO-A,,proton,25.1 MeV,25.1,218,lambda_par,0.38,,,VERIFIED-FULLTEXT x2,
Lavasa2026,Table2,2021-10-28,STEREO-A,,proton,27.9 MeV,27.9,231,lambda_par,0.34,,,VERIFIED-FULLTEXT x2,
Lavasa2026,Table2,2021-10-28,STEREO-A,,proton,31.4 MeV,31.4,245,lambda_par,0.33,,,VERIFIED-FULLTEXT x2,
Lavasa2026,Table2,2021-10-28,STEREO-A,,proton,34.6 MeV,34.6,257,lambda_par,0.34,,,VERIFIED-FULLTEXT x2,
Lavasa2026,Table2,2021-10-28,STEREO-A,,proton,38.0 MeV,38.0,269,lambda_par,0.34,,,VERIFIED-FULLTEXT x2,
Lavasa2026,Table2,2021-10-28,STEREO-A,,proton,49.0 MeV,49.0,307,lambda_par,0.37,,,VERIFIED-FULLTEXT x2,
Lavasa2026,Table2,2021-10-28,STEREO-A,,proton,77.5 MeV,77.5,389,lambda_par,0.35,,,VERIFIED-FULLTEXT x2,
Lavasa2026,Table3,2021-10-28,multi-observer 1D/2D,,electron,0.115 MeV,0.115,0.361,lambda_par,0.14,lambda_perp_au|ratio_percent,0.0014|1,"VERIFIED-FULLTEXT x2 (arXiv HTML, A&A T3)",
Lavasa2026,Table3,2021-10-28,multi-observer 1D/2D,,electron,0.180 MeV,0.180,0.463,lambda_par,0.14,lambda_perp_au|ratio_percent,0.0013|0.9,"VERIFIED-FULLTEXT x2 (arXiv HTML, A&A T3)",
Lavasa2026,Table3,2021-10-28,multi-observer 1D/2D,,electron,0.314 MeV,0.314,0.647,lambda_par,0.13,lambda_perp_au|ratio_percent,0.0021|1.5,"VERIFIED-FULLTEXT x2 (arXiv HTML, A&A T3)",
Lavasa2026,Table3,2021-10-28,multi-observer 1D/2D,,electron,0.400 MeV,0.400,0.752,lambda_par,0.13,lambda_perp_au|ratio_percent,0.0021|1.5,"VERIFIED-FULLTEXT x2 (arXiv HTML, A&A T3)",
Lavasa2026,Table3,2021-10-28,multi-observer 1D/2D,,electron,1.0 MeV,1.0,1.4,lambda_par,0.12,lambda_perp_au|ratio_percent,0.0034|2.8,"VERIFIED-FULLTEXT x2 (arXiv HTML, A&A T3)",
Lavasa2026,Table3,2021-10-28,multi-observer 1D/2D,,electron,2.5 MeV,2.5,2.46,lambda_par,0.12,lambda_perp_au|ratio_percent,0.0036|3,"VERIFIED-FULLTEXT x2 (arXiv HTML, A&A T3)",Printed 2.5 MeV with 2.46 MV; Table2 pairs 2.46 MV with 2.0 MeV
Lavasa2026,Table3,2021-10-28,multi-observer 1D/2D,,proton,108 MeV,108,463,lambda_par,0.26,lambda_perp_au|ratio_percent,0.0117|4.5,"VERIFIED-FULLTEXT x2 (arXiv HTML, A&A T3)",
Lavasa2026,Table3,2021-10-28,multi-observer 1D/2D,,proton,130 MeV,130,511,lambda_par,0.22,lambda_perp_au|ratio_percent,0.0198|9,"VERIFIED-FULLTEXT x2 (arXiv HTML, A&A T3)",
Lavasa2026,Table3,2021-10-28,multi-observer 1D/2D,,proton,300 MeV,300,808,lambda_par,0.18,lambda_perp_au|ratio_percent,0.018|10,"VERIFIED-FULLTEXT x2 (arXiv HTML, A&A T3)",
Lavasa2026,Table3,2021-10-28,multi-observer 1D/2D,,proton,896 MeV,896,1576,lambda_par,0.25,lambda_perp_au|ratio_percent,0.025|10,"VERIFIED-FULLTEXT x2 (arXiv HTML, A&A T3)",
