id,qx,qy,qz,solid_angle_sr,lat_minus,lat_plus,lon_minus,lon_plus
0,-0.54202971833065205,-0.067231268405780670,-0.83766564988361780,0.074799825085471269,-1,24,23,1
1,-0.50725207183654963,-0.19711210538041238,-0.83895301032300307,0.074799825085471269,-1,25,0,2
2,-0.44006681798413977,-0.31356007811652481,-0.84143999971529326,0.074799825085471269,-1,26,1,3
3,-0.34505252079458254,-0.40863944971152549,-0.84495713384334814,0.074799825085471269,-1,27,2,4
4,-0.22868424760279593,-0.47587071811730614,-0.84926472582867962,0.074799825085471269,-1,28,3,5
5,-0.098892303919136310,-0.51067218349693699,-0.85406922039611977,0.074799825085471269,-1,29,4,6
6,0.035478203785683553,-0.51067218349693699,-0.85904319918070016,0.074799825085471269,-1,30,5,7
7,0.16527014746934304,-0.47587071811730619,-0.86384769374814030,0.074799825085471269,-1,31,6,8
8,0.28163842066112976,-0.40863944971152544,-0.86815528573347178,0.074799825085471269,-1,32,7,9
9,0.37665271785068694,-0.31356007811652475,-0.87167241986152666,0.074799825085471269,-1,33,8,10
10,0.44383797170309686,-0.19711210538041232,-0.87415940925381685,0.074799825085471269,-1,34,9,11
11,0.47861561819719928,-0.067231268405780822,-0.87544676969320212,0.074799825085471269,-1,35,10,12
12,0.47861561819719928,0.067231268405780822,-0.87544676969320212,0.074799825085471269,-1,36,11,13
13,0.44383797170309686,0.19711210538041232,-0.87415940925381685,0.074799825085471269,-1,37,12,14
14,0.37665271785068694,0.31356007811652475,-0.87167241986152666,0.074799825085471269,-1,38,13,15
15,0.28163842066112976,0.40863944971152544,-0.86815528573347178,0.074799825085471269,-1,39,14,16
16,0.16527014746934293,0.47587071811730625,-0.86384769374814030,0.074799825085471269,-1,40,15,17
17,0.035478203785683442,0.51067218349693699,-0.85904319918070016,0.074799825085471269,-1,41,16,18
18,-0.098892303919136199,0.51067218349693710,-0.85406922039611977,0.074799825085471269,-1,42,17,19
19,-0.22868424760279571,0.47587071811730625,-0.84926472582867962,0.074799825085471269,-1,43,18,20
20,-0.34505252079458221,0.40863944971152577,-0.84495713384334814,0.074799825085471269,-1,44,19,21
21,-0.44006681798413977,0.31356007811652481,-0.84143999971529326,0.074799825085471269,-1,45,20,22
22,-0.50725207183654974,0.19711210538041216,-0.83895301032300307,0.074799825085471269,-1,46,21,23
23,-0.54202971833065205,0.067231268405780670,-0.83766564988361780,0.074799825085471269,-1,47,22,0
24,-0.83421218315906254,-0.10711655546030728,-0.54093999391365910,0.074799825085471269,0,48,47,25
25,-0.77880252352003398,-0.31404985014477965,-0.54299108738806046,0.074799825085471269,1,49,24,26
26,-0.67175928097758475,-0.49958116653380141,-0.54695349570617491,0.074799825085471269,2,50,25,27
27,-0.52037727561366032,-0.65106685202045766,-0.55255718728931236,0.074799825085471269,3,51,26,28
28,-0.33497294092321983,-0.75818340748076485,-0.55942027981662013,0.074799825085471269,4,52,27,29
29,-0.12818127592026690,-0.81363101667858073,-0.56707506487415882,0.074799825085471269,5,53,28,30
30,0.085905209164631791,-0.81363101667858073,-0.57499988151038772,0.074799825085471269,6,54,29,31
31,0.29269687416758450,-0.75818340748076496,-0.58265466656792642,0.074799825085471269,7,55,30,32
32,0.47810120885802521,-0.65106685202045755,-0.58951775909523418,0.074799825085471269,8,56,31,33
33,0.62948321422194953,-0.49958116653380136,-0.59512145067837163,0.074799825085471269,9,57,32,34
34,0.73652645676439876,-0.31404985014477954,-0.59908385899648608,0.074799825085471269,10,58,33,35
35,0.79193611640342731,-0.10711655546030753,-0.60113495247088744,0.074799825085471269,11,59,34,36
36,0.79193611640342731,0.10711655546030753,-0.60113495247088744,0.074799825085471269,12,60,35,37
37,0.73652645676439876,0.31404985014477954,-0.59908385899648608,0.074799825085471269,13,61,36,38
38,0.62948321422194953,0.49958116653380136,-0.59512145067837163,0.074799825085471269,14,62,37,39
39,0.47810120885802521,0.65106685202045755,-0.58951775909523418,0.074799825085471269,15,63,38,40
40,0.29269687416758433,0.75818340748076507,-0.58265466656792642,0.074799825085471269,16,64,39,41
41,0.085905209164631610,0.81363101667858073,-0.57499988151038772,0.074799825085471269,17,65,40,42
42,-0.12818127592026671,0.81363101667858084,-0.56707506487415882,0.074799825085471269,18,66,41,43
43,-0.33497294092321944,0.75818340748076507,-0.55942027981662013,0.074799825085471269,19,67,42,44
44,-0.52037727561365976,0.65106685202045811,-0.55255718728931236,0.074799825085471269,20,68,43,45
45,-0.67175928097758475,0.49958116653380141,-0.54695349570617491,0.074799825085471269,21,69,44,46
46,-0.77880252352003410,0.31404985014477932,-0.54299108738806046,0.074799825085471269,22,70,45,47
47,-0.83421218315906254,0.10711655546030728,-0.54093999391365910,0.074799825085471269,23,71,46,24
48,-0.96003506738349953,-0.12508518799210266,-0.25037245283565002,0.074799825085471269,24,72,71,49
49,-0.89533052509549993,-0.36673121512769319,-0.25276761399194703,0.074799825085471269,25,73,48,50
50,-0.77033094814711600,-0.58338511600431964,-0.25739471002993042,0.074799825085471269,26,74,49,51
51,-0.59355485113581230,-0.76028228531473918,-0.26393841200124935,0.074799825085471269,27,75,50,52
52,-0.37704923293659603,-0.88536747330684185,-0.27195277743053725,0.074799825085471269,28,76,51,53
53,-0.13556859363729271,-0.95011633113201244,-0.28089164055815324,0.074799825085471269,29,77,52,54
54,0.11443056025947518,-0.95011633113201244,-0.29014583263412003,0.074799825085471269,30,78,53,55
55,0.35591119955877831,-0.88536747330684196,-0.29908469576173602,0.074799825085471269,31,79,54,56
56,0.57241681775799491,-0.76028228531473907,-0.30709906119102393,0.074799825085471269,32,80,55,57
57,0.74919291476929850,-0.58338511600431953,-0.31364276316234285,0.074799825085471269,33,81,56,58
58,0.87419249171768243,-0.36673121512769308,-0.31826985920032624,0.074799825085471269,34,82,57,59
59,0.93889703400568203,-0.12508518799210294,-0.32066502035662325,0.074799825085471269,35,83,58,60
60,0.93889703400568203,0.12508518799210294,-0.32066502035662325,0.074799825085471269,36,84,59,61
61,0.87419249171768243,0.36673121512769308,-0.31826985920032624,0.074799825085471269,37,85,60,62
62,0.74919291476929850,0.58338511600431953,-0.31364276316234285,0.074799825085471269,38,86,61,63
63,0.57241681775799491,0.76028228531473907,-0.30709906119102393,0.074799825085471269,39,87,62,64
64,0.35591119955877809,0.88536747330684207,-0.29908469576173602,0.074799825085471269,40,88,63,65
65,0.11443056025947498,0.95011633113201244,-0.29014583263412003,0.074799825085471269,41,89,64,66
66,-0.13556859363729248,0.95011633113201255,-0.28089164055815324,0.074799825085471269,42,90,65,67
67,-0.37704923293659559,0.88536747330684207,-0.27195277743053725,0.074799825085471269,43,91,66,68
68,-0.59355485113581163,0.76028228531473974,-0.26393841200124940,0.074799825085471269,44,92,67,69
69,-0.77033094814711600,0.58338511600431964,-0.25739471002993042,0.074799825085471269,45,93,68,70
70,-0.89533052509550004,0.36673121512769280,-0.25276761399194703,0.074799825085471269,46,94,69,71
71,-0.96003506738349953,0.12508518799210266,-0.25037245283565002,0.074799825085471269,47,95,70,48
72,-0.99076629478463751,-0.13052619222005157,0.036675090500974360,0.074799825085471269,48,96,95,73
73,-0.92324720911378177,-0.38268343236508989,0.034175743691785679,0.074799825085471269,49,97,72,74
74,-0.79281035187997406,-0.60876142900872088,0.029347376428088625,0.074799825085471269,50,98,73,75
75,-0.60834477934660025,-0.79335334029123517,0.022519033959649989,0.074799825085471269,51,99,74,76
76,-0.38242151543803732,-0.92387953251128674,0.014156056541324376,0.074799825085471269,52,100,75,77
77,-0.13043685723380763,-0.99144486137381038,0.0048283672636970521,0.074799825085471269,53,101,76,78
78,0.13043685723380774,-0.99144486137381038,-0.0048283672636970565,0.074799825085471269,54,102,77,79
79,0.38242151543803721,-0.92387953251128685,-0.014156056541324371,0.074799825085471269,55,103,78,80
80,0.60834477934660036,-0.79335334029123505,-0.022519033959649992,0.074799825085471269,56,104,79,81
81,0.79281035187997406,-0.60876142900872077,-0.029347376428088625,0.074799825085471269,57,105,80,82
82,0.92324720911378177,-0.38268343236508978,-0.034175743691785679,0.074799825085471269,58,106,81,83
83,0.99076629478463751,-0.13052619222005188,-0.036675090500974360,0.074799825085471269,59,107,82,84
84,0.99076629478463751,0.13052619222005188,-0.036675090500974360,0.074799825085471269,60,108,83,85
85,0.92324720911378177,0.38268343236508978,-0.034175743691785679,0.074799825085471269,61,109,84,86
86,0.79281035187997406,0.60876142900872077,-0.029347376428088625,0.074799825085471269,62,110,85,87
87,0.60834477934660036,0.79335334029123505,-0.022519033959649992,0.074799825085471269,63,111,86,88
88,0.38242151543803699,0.92387953251128696,-0.014156056541324364,0.074799825085471269,64,112,87,89
89,0.13043685723380752,0.99144486137381038,-0.0048283672636970486,0.074799825085471269,65,113,88,90
90,-0.13043685723380741,0.99144486137381049,0.0048283672636970443,0.074799825085471269,66,114,89,91
91,-0.38242151543803687,0.92387953251128696,0.014156056541324359,0.074799825085471269,67,115,90,92
92,-0.60834477934659958,0.79335334029123572,0.022519033959649961,0.074799825085471269,68,116,91,93
93,-0.79281035187997406,0.60876142900872088,0.029347376428088625,0.074799825085471269,69,117,92,94
94,-0.92324720911378189,0.38268343236508945,0.034175743691785686,0.074799825085471269,70,118,93,95
95,-0.99076629478463751,0.13052619222005157,0.036675090500974360,0.074799825085471269,71,119,94,72
96,-0.93889703400568192,-0.12508518799210264,0.32066502035662336,0.074799825085471269,72,120,119,97
97,-0.87419249171768221,-0.36673121512769319,0.31826985920032635,0.074799825085471269,73,121,96,98
98,-0.74919291476929839,-0.58338511600431953,0.31364276316234296,0.074799825085471269,74,122,97,99
99,-0.57241681775799469,-0.76028228531473907,0.30709906119102404,0.074799825085471269,75,123,98,100
100,-0.35591119955877837,-0.88536747330684173,0.29908469576173613,0.074799825085471269,76,124,99,101
101,-0.11443056025947507,-0.95011633113201233,0.29014583263412014,0.074799825085471269,77,125,100,102
102,0.13556859363729279,-0.95011633113201233,0.28089164055815335,0.074799825085471269,78,126,101,103
103,0.37704923293659587,-0.88536747330684185,0.27195277743053736,0.074799825085471269,79,127,102,104
104,0.59355485113581241,-0.76028228531473896,0.26393841200124946,0.074799825085471269,80,128,103,105
105,0.77033094814711589,-0.58338511600431942,0.25739471002993053,0.074799825085471269,81,129,104,106
106,0.89533052509549993,-0.36673121512769308,0.25276761399194714,0.074799825085471269,82,130,105,107
107,0.96003506738349942,-0.12508518799210294,0.25037245283565013,0.074799825085471269,83,131,106,108
108,0.96003506738349942,0.12508518799210294,0.25037245283565013,0.074799825085471269,84,132,107,109
109,0.89533052509549993,0.36673121512769308,0.25276761399194714,0.074799825085471269,85,133,108,110
110,0.77033094814711589,0.58338511600431942,0.25739471002993053,0.074799825085471269,86,134,109,111
111,0.59355485113581241,0.76028228531473896,0.26393841200124946,0.074799825085471269,87,135,110,112
112,0.37704923293659565,0.88536747330684196,0.27195277743053736,0.074799825085471269,88,136,111,113
113,0.13556859363729257,0.95011633113201233,0.28089164055815335,0.074799825085471269,89,137,112,114
114,-0.11443056025947484,0.95011633113201244,0.29014583263412014,0.074799825085471269,90,138,113,115
115,-0.35591119955877792,0.88536747330684196,0.29908469576173607,0.074799825085471269,91,139,114,116
116,-0.57241681775799402,0.76028228531473963,0.30709906119102398,0.074799825085471269,92,140,115,117
117,-0.74919291476929839,0.58338511600431953,0.31364276316234296,0.074799825085471269,93,141,116,118
118,-0.87419249171768243,0.36673121512769274,0.31826985920032635,0.074799825085471269,94,142,117,119
119,-0.93889703400568192,0.12508518799210264,0.32066502035662336,0.074799825085471269,95,143,118,96
120,-0.79193611640342731,-0.10711655546030728,0.60113495247088744,0.074799825085471269,96,144,143,121
121,-0.73652645676439876,-0.31404985014477965,0.59908385899648608,0.074799825085471269,97,145,120,122
122,-0.62948321422194953,-0.49958116653380141,0.59512145067837163,0.074799825085471269,98,146,121,123
123,-0.47810120885802510,-0.65106685202045766,0.58951775909523418,0.074799825085471269,99,147,122,124
124,-0.29269687416758461,-0.75818340748076485,0.58265466656792642,0.074799825085471269,100,148,123,125
125,-0.085905209164631707,-0.81363101667858073,0.57499988151038772,0.074799825085471269,101,149,124,126
126,0.12818127592026698,-0.81363101667858073,0.56707506487415882,0.074799825085471269,102,150,125,127
127,0.33497294092321972,-0.75818340748076496,0.55942027981662013,0.074799825085471269,103,151,126,128
128,0.52037727561366043,-0.65106685202045755,0.55255718728931236,0.074799825085471269,104,152,127,129
129,0.67175928097758475,-0.49958116653380136,0.54695349570617491,0.074799825085471269,105,153,128,130
130,0.77880252352003398,-0.31404985014477954,0.54299108738806046,0.074799825085471269,106,154,129,131
131,0.83421218315906254,-0.10711655546030753,0.54093999391365910,0.074799825085471269,107,155,130,132
132,0.83421218315906254,0.10711655546030753,0.54093999391365910,0.074799825085471269,108,156,131,133
133,0.77880252352003398,0.31404985014477954,0.54299108738806046,0.074799825085471269,109,157,132,134
134,0.67175928097758475,0.49958116653380136,0.54695349570617491,0.074799825085471269,110,158,133,135
135,0.52037727561366043,0.65106685202045755,0.55255718728931236,0.074799825085471269,111,159,134,136
136,0.33497294092321955,0.75818340748076507,0.55942027981662013,0.074799825085471269,112,160,135,137
137,0.12818127592026682,0.81363101667858073,0.56707506487415882,0.074799825085471269,113,161,136,138
138,-0.085905209164631513,0.81363101667858084,0.57499988151038772,0.074799825085471269,114,162,137,139
139,-0.29269687416758422,0.75818340748076507,0.58265466656792642,0.074799825085471269,115,163,138,140
140,-0.47810120885802454,0.65106685202045811,0.58951775909523418,0.074799825085471269,116,164,139,141
141,-0.62948321422194953,0.49958116653380141,0.59512145067837163,0.074799825085471269,117,165,140,142
142,-0.73652645676439887,0.31404985014477932,0.59908385899648608,0.074799825085471269,118,166,141,143
143,-0.79193611640342731,0.10711655546030728,0.60113495247088744,0.074799825085471269,119,167,142,120
144,-0.47861561819719928,-0.067231268405780670,0.87544676969320212,0.074799825085471269,120,-1,167,145
145,-0.44383797170309686,-0.19711210538041238,0.87415940925381685,0.074799825085471269,121,-1,144,146
146,-0.37665271785068694,-0.31356007811652481,0.87167241986152666,0.074799825085471269,122,-1,145,147
147,-0.28163842066112971,-0.40863944971152549,0.86815528573347178,0.074799825085471269,123,-1,146,148
148,-0.16527014746934310,-0.47587071811730614,0.86384769374814030,0.074799825085471269,124,-1,147,149
149,-0.035478203785683497,-0.51067218349693699,0.85904319918070016,0.074799825085471269,125,-1,148,150
150,0.098892303919136365,-0.51067218349693699,0.85406922039611977,0.074799825085471269,126,-1,149,151
151,0.22868424760279588,-0.47587071811730619,0.84926472582867962,0.074799825085471269,127,-1,150,152
152,0.34505252079458260,-0.40863944971152544,0.84495713384334814,0.074799825085471269,128,-1,151,153
153,0.44006681798413977,-0.31356007811652475,0.84143999971529326,0.074799825085471269,129,-1,152,154
154,0.50725207183654963,-0.19711210538041232,0.83895301032300307,0.074799825085471269,130,-1,153,155
155,0.54202971833065205,-0.067231268405780822,0.83766564988361780,0.074799825085471269,131,-1,154,156
156,0.54202971833065205,0.067231268405780822,0.83766564988361780,0.074799825085471269,132,-1,155,157
157,0.50725207183654963,0.19711210538041232,0.83895301032300307,0.074799825085471269,133,-1,156,158
158,0.44006681798413977,0.31356007811652475,0.84143999971529326,0.074799825085471269,134,-1,157,159
159,0.34505252079458260,0.40863944971152544,0.84495713384334814,0.074799825085471269,135,-1,158,160
160,0.22868424760279576,0.47587071811730625,0.84926472582867962,0.074799825085471269,136,-1,159,161
161,0.098892303919136254,0.51067218349693699,0.85406922039611977,0.074799825085471269,137,-1,160,162
162,-0.035478203785683372,0.51067218349693710,0.85904319918070016,0.074799825085471269,138,-1,161,163
163,-0.16527014746934288,0.47587071811730625,0.86384769374814030,0.074799825085471269,139,-1,162,164
164,-0.28163842066112937,0.40863944971152577,0.86815528573347178,0.074799825085471269,140,-1,163,165
165,-0.37665271785068694,0.31356007811652481,0.87167241986152666,0.074799825085471269,141,-1,164,166
166,-0.44383797170309691,0.19711210538041216,0.87415940925381685,0.074799825085471269,142,-1,165,167
167,-0.47861561819719928,0.067231268405780670,0.87544676969320212,0.074799825085493765,143,-1,166,144
